지점,지점명,일시,기온(°C),강수량(mm),풍속(m/s),습도(%),일조(hr),일사(MJ/m2),적설(cm),전운량(10분위)
106,동해,2023-01-01 00:00,2.4,,1.1,47,,,,0
106,동해,2023-01-01 01:00,2.4,,.3,49,,,,1
106,동해,2023-01-01 02:00,3.6,,3.2,45,,,,2
106,동해,2023-01-01 03:00,3.4,,3,44,,,,1
106,동해,2023-01-01 04:00,3.7,,2.6,43,,,,1
106,동해,2023-01-01 05:00,3.7,,3.2,45,,,,3
106,동해,2023-01-01 06:00,3,,1.2,46,,,,0
106,동해,2023-01-01 07:00,4,,2.5,43,,,,0
106,동해,2023-01-01 08:00,4.1,,2.5,39,0,,,1
106,동해,2023-01-01 09:00,5.2,,2.3,32,.9,,,2
106,동해,2023-01-01 10:00,6.2,,2.4,24,1,,,1
106,동해,2023-01-01 11:00,6.7,,4,23,1,,,0
106,동해,2023-01-01 12:00,8.1,,3.3,20,1,,,0
106,동해,2023-01-01 13:00,9.1,,3.4,17,1,,,0
106,동해,2023-01-01 14:00,9.8,,2.2,17,1,,,0
106,동해,2023-01-01 15:00,8.6,,3.8,18,1,,,2
106,동해,2023-01-01 16:00,7.7,,3.6,20,1,,,1
106,동해,2023-01-01 17:00,6.7,,4.1,20,.5,,,1
106,동해,2023-01-01 18:00,6.4,,3.5,18,0,,,0
106,동해,2023-01-01 19:00,6,,3.1,17,,,,0
106,동해,2023-01-01 20:00,4.8,,1.3,18,,,,3
106,동해,2023-01-01 21:00,4.7,,2,16,,,,1
106,동해,2023-01-01 22:00,4.2,,2.4,14,,,,3
106,동해,2023-01-01 23:00,3.5,,3,14,,,,4
106,동해,2023-01-02 00:00,3.1,,3.9,15,,,,5
106,동해,2023-01-02 01:00,2.2,,2.7,17,,,,2
106,동해,2023-01-02 02:00,1.8,,2.8,16,,,,2
106,동해,2023-01-02 03:00,1.3,,2.5,16,,,,3
106,동해,2023-01-02 04:00,.7,,2.3,16,,,,2
106,동해,2023-01-02 05:00,-.9,,1,22,,,,2
106,동해,2023-01-02 06:00,-.4,,2.1,20,,,,2
106,동해,2023-01-02 07:00,-1.3,,1.2,24,,,,2
106,동해,2023-01-02 08:00,-1,,.6,23,.1,,,5
106,동해,2023-01-02 09:00,.2,,.5,22,1,,,1
106,동해,2023-01-02 10:00,3.3,,.3,16,1,,,0
106,동해,2023-01-02 11:00,3.8,,2.6,13,1,,,0
106,동해,2023-01-02 12:00,4.6,,3.3,20,1,,,0
106,동해,2023-01-02 13:00,4.5,,3,22,1,,,0
106,동해,2023-01-02 14:00,4.4,,2,23,1,,,0
106,동해,2023-01-02 15:00,5,,1,26,1,,,0
106,동해,2023-01-02 16:00,4.4,,1,33,1,,,0
106,동해,2023-01-02 17:00,3,,.4,41,.5,,,0
106,동해,2023-01-02 18:00,2.5,,1.1,39,0,,,0
106,동해,2023-01-02 19:00,1.2,,.7,40,,,,0
106,동해,2023-01-02 20:00,1.2,,.9,28,,,,0
106,동해,2023-01-02 21:00,2.3,,1.2,21,,,,0
106,동해,2023-01-02 22:00,1.2,,1.2,26,,,,0
106,동해,2023-01-02 23:00,.7,,.8,25,,,,0
106,동해,2023-01-03 00:00,.8,,1.3,25,,,,0
106,동해,2023-01-03 01:00,1.5,,2.1,20,,,,0
106,동해,2023-01-03 02:00,1.2,,1.3,20,,,,1
106,동해,2023-01-03 03:00,1.1,,2.2,20,,,,0
106,동해,2023-01-03 04:00,.2,,2,25,,,,1
106,동해,2023-01-03 05:00,-1.3,,1.1,28,,,,0
106,동해,2023-01-03 06:00,-1.3,,1.4,27,,,,1
106,동해,2023-01-03 07:00,-.8,,1.5,25,,,,0
106,동해,2023-01-03 08:00,.1,,.7,21,.2,,,1
106,동해,2023-01-03 09:00,1.9,,.4,17,1,,,0
106,동해,2023-01-03 10:00,3.2,,3,14,1,,,0
106,동해,2023-01-03 11:00,5.1,,1.6,12,1,,,0
106,동해,2023-01-03 12:00,6.1,,1.4,11,1,,,0
106,동해,2023-01-03 13:00,6.7,,2.7,12,1,,,0
106,동해,2023-01-03 14:00,6.7,,2.8,12,1,,,0
106,동해,2023-01-03 15:00,6.1,,3.5,14,1,,,0
106,동해,2023-01-03 16:00,5.4,,4,14,1,,,0
106,동해,2023-01-03 17:00,3.4,,3.4,17,.5,,,0
106,동해,2023-01-03 18:00,2.9,,5.2,17,0,,,0
106,동해,2023-01-03 19:00,2.4,,3.8,18,,,,0
106,동해,2023-01-03 20:00,1.5,,5.1,20,,,,0
106,동해,2023-01-03 21:00,1.1,,3.8,21,,,,0
106,동해,2023-01-03 22:00,1.1,,4.8,21,,,,0
106,동해,2023-01-03 23:00,.7,,4.4,21,,,,1
106,동해,2023-01-04 00:00,.9,,3.9,19,,,,0
106,동해,2023-01-04 01:00,.5,,4,19,,,,0
106,동해,2023-01-04 02:00,-.1,,1,20,,,,0
106,동해,2023-01-04 03:00,-1,,1.2,23,,,,0
106,동해,2023-01-04 04:00,-.7,,.6,20,,,,0
106,동해,2023-01-04 05:00,-.7,,.3,18,,,,1
106,동해,2023-01-04 06:00,.4,,.6,14,,,,1
106,동해,2023-01-04 07:00,.5,,1.9,14,,,,1
106,동해,2023-01-04 08:00,.7,,.5,15,.2,,,1
106,동해,2023-01-04 09:00,2.4,,3.1,18,1,,,0
106,동해,2023-01-04 10:00,3.3,,2.9,16,1,,,1
106,동해,2023-01-04 11:00,4.4,,3.2,14,1,,,0
106,동해,2023-01-04 12:00,5.1,,1.9,12,1,,,0
106,동해,2023-01-04 13:00,6,,2.6,12,1,,,0
106,동해,2023-01-04 14:00,7.1,,1.6,12,1,,,0
106,동해,2023-01-04 15:00,6.8,,2.5,11,1,,,0
106,동해,2023-01-04 16:00,6.3,,1.1,11,1,,,0
106,동해,2023-01-04 17:00,4.5,,1.4,14,.5,,,0
106,동해,2023-01-04 18:00,3.7,,.5,15,0,,,0
106,동해,2023-01-04 19:00,3.2,,1.8,19,,,,0
106,동해,2023-01-04 20:00,2.9,,.2,21,,,,0
106,동해,2023-01-04 21:00,1.3,,.6,26,,,,0
106,동해,2023-01-04 22:00,2.5,,2,25,,,,0
106,동해,2023-01-04 23:00,2.2,,1.2,27,,,,0
106,동해,2023-01-05 00:00,2.7,,2.7,25,,,,0
106,동해,2023-01-05 01:00,2.8,,1.9,25,,,,1
106,동해,2023-01-05 02:00,1.5,,1,30,,,,0
106,동해,2023-01-05 03:00,1.5,,2.1,32,,,,1
106,동해,2023-01-05 04:00,2.3,,3.5,30,,,,2
106,동해,2023-01-05 05:00,2.2,,4.3,29,,,,1
106,동해,2023-01-05 06:00,1.9,,2.7,30,,,,0
106,동해,2023-01-05 07:00,2.5,,3.4,30,,,,0
106,동해,2023-01-05 08:00,2.4,,3.3,31,.1,,,0
106,동해,2023-01-05 09:00,3.7,,2.3,30,1,,,1
106,동해,2023-01-05 10:00,4.9,,3.4,27,1,,,0
106,동해,2023-01-05 11:00,6.1,,2.7,24,1,,,0
106,동해,2023-01-05 12:00,6.8,,3.4,22,1,,,0
106,동해,2023-01-05 13:00,7.4,,3.7,21,1,,,0
106,동해,2023-01-05 14:00,8.4,,1.6,20,1,,,0
106,동해,2023-01-05 15:00,8.1,,3,20,1,,,0
106,동해,2023-01-05 16:00,7.3,,4.3,22,1,,,0
106,동해,2023-01-05 17:00,6,,2.9,25,.5,,,0
106,동해,2023-01-05 18:00,5.2,,2.3,27,0,,,3
106,동해,2023-01-05 19:00,4.5,,1.6,31,,,,0
106,동해,2023-01-05 20:00,4.1,,1.8,32,,,,5
106,동해,2023-01-05 21:00,3.2,,.5,36,,,,6
106,동해,2023-01-05 22:00,3,,1.6,36,,,,3
106,동해,2023-01-05 23:00,1.3,,.6,43,,,,5
106,동해,2023-01-06 00:00,.9,,1.3,44,,,,4
106,동해,2023-01-06 01:00,.6,,.9,42,,,,5
106,동해,2023-01-06 02:00,1.1,,1.6,40,,,,4
106,동해,2023-01-06 03:00,.3,,1,43,,,,5
106,동해,2023-01-06 04:00,1.2,,1.4,38,,,,5
106,동해,2023-01-06 05:00,1.5,,.9,39,,,,4
106,동해,2023-01-06 06:00,1.8,,1.7,37,,,,3
106,동해,2023-01-06 07:00,1.7,,1.4,38,,,,6
106,동해,2023-01-06 08:00,2.1,,2.4,35,0,,,4
106,동해,2023-01-06 09:00,3.7,,1.3,34,.6,,,1
106,동해,2023-01-06 10:00,6.2,,1.2,27,1,,,0
106,동해,2023-01-06 11:00,8.2,,1.3,20,1,,,0
106,동해,2023-01-06 12:00,8.6,,1.4,23,1,,,0
106,동해,2023-01-06 13:00,9.3,,1.4,27,1,,,5
106,동해,2023-01-06 14:00,9.7,,1.2,30,1,,,6
106,동해,2023-01-06 15:00,8.7,,3,37,1,,,6
106,동해,2023-01-06 16:00,8.7,,3.3,40,1,,,6
106,동해,2023-01-06 17:00,8.3,,1.6,34,.5,,,6
106,동해,2023-01-06 18:00,7.2,,2.7,26,0,,,5
106,동해,2023-01-06 19:00,5.2,,1.4,30,,,,6
106,동해,2023-01-06 20:00,5.5,,.9,28,,,,7
106,동해,2023-01-06 21:00,3.9,,.9,32,,,,9
106,동해,2023-01-06 22:00,4,,1.3,34,,,,9
106,동해,2023-01-06 23:00,4.5,,1.5,38,,,,10
106,동해,2023-01-07 00:00,6.2,,3.2,43,,,,9
106,동해,2023-01-07 01:00,5.7,,.8,46,,,,9
106,동해,2023-01-07 02:00,4.9,,1.2,49,,,,9
106,동해,2023-01-07 03:00,5.6,,1.5,52,,,,9
106,동해,2023-01-07 04:00,4.6,,.8,55,,,,9
106,동해,2023-01-07 05:00,4.7,,1.6,60,,,,9
106,동해,2023-01-07 06:00,4.7,,2.2,59,,,,7
106,동해,2023-01-07 07:00,5.2,,2.2,57,,,,9
106,동해,2023-01-07 08:00,5.6,,3.1,56,0,,,7
106,동해,2023-01-07 09:00,6.2,,3.1,52,.2,,,5
106,동해,2023-01-07 10:00,7.1,,3.5,48,1,,,1
106,동해,2023-01-07 11:00,7.9,,4.3,45,1,,,5
106,동해,2023-01-07 12:00,8.2,,4.4,43,1,,,3
106,동해,2023-01-07 13:00,7.9,,4.1,43,1,,,3
106,동해,2023-01-07 14:00,7.9,,4,42,1,,,5
106,동해,2023-01-07 15:00,7.3,,4.7,42,1,,,6
106,동해,2023-01-07 16:00,6.5,,4.8,43,1,,,6
106,동해,2023-01-07 17:00,5.3,,3.3,45,.5,,,2
106,동해,2023-01-07 18:00,4.9,,3.3,45,0,,,0
106,동해,2023-01-07 19:00,4.8,,3.8,45,,,,0
106,동해,2023-01-07 20:00,4.4,,3,44,,,,0
106,동해,2023-01-07 21:00,4.1,,3.2,46,,,,0
106,동해,2023-01-07 22:00,3.8,,2.5,45,,,,0
106,동해,2023-01-07 23:00,3.4,,1.8,46,,,,0
106,동해,2023-01-08 00:00,3,,2,48,,,,0
106,동해,2023-01-08 01:00,2.8,,2.2,50,,,,0
106,동해,2023-01-08 02:00,1.9,,1.6,51,,,,0
106,동해,2023-01-08 03:00,2.1,,2,50,,,,1
106,동해,2023-01-08 04:00,.7,,1.4,56,,,,1
106,동해,2023-01-08 05:00,1.3,,1.3,54,,,,3
106,동해,2023-01-08 06:00,.3,,1.5,56,,,,0
106,동해,2023-01-08 07:00,.9,,2.2,52,,,,7
106,동해,2023-01-08 08:00,.7,,1.8,52,0,,,6
106,동해,2023-01-08 09:00,2.5,,1.7,50,.3,,,6
106,동해,2023-01-08 10:00,5.8,,1.1,34,1,,,6
106,동해,2023-01-08 11:00,8,,1.6,24,1,,,4
106,동해,2023-01-08 12:00,8.4,,1.4,27,1,,,0
106,동해,2023-01-08 13:00,10.1,,1.1,26,1,,,0
106,동해,2023-01-08 14:00,9.8,,1.6,32,1,,,0
106,동해,2023-01-08 15:00,9.2,,2.4,39,1,,,0
106,동해,2023-01-08 16:00,8.7,,2.2,46,1,,,0
106,동해,2023-01-08 17:00,8,,.1,47,.6,,,0
106,동해,2023-01-08 18:00,8,,.7,32,0,,,0
106,동해,2023-01-08 19:00,6.3,,1.4,38,,,,0
106,동해,2023-01-08 20:00,7.1,,1,29,,,,0
106,동해,2023-01-08 21:00,5.7,,1.6,32,,,,0
106,동해,2023-01-08 22:00,4.1,,1.3,36,,,,0
106,동해,2023-01-08 23:00,4.9,,.5,32,,,,0
106,동해,2023-01-09 00:00,4.8,,.7,34,,,,0
106,동해,2023-01-09 01:00,4.5,,.7,37,,,,0
106,동해,2023-01-09 02:00,4.7,,.9,50,,,,3
106,동해,2023-01-09 03:00,5.3,,.8,51,,,,7
106,동해,2023-01-09 04:00,5.8,,.5,51,,,,9
106,동해,2023-01-09 05:00,6.3,,.6,58,,,,9
106,동해,2023-01-09 06:00,7.3,,.3,59,,,,9
106,동해,2023-01-09 07:00,6.6,,1.3,61,,,,9
106,동해,2023-01-09 08:00,7.3,,.9,62,0,,,9
106,동해,2023-01-09 09:00,8.5,,1.1,59,.3,,,7
106,동해,2023-01-09 10:00,10.6,,.8,54,.5,,,6
106,동해,2023-01-09 11:00,11.8,,2.5,43,1,,,5
106,동해,2023-01-09 12:00,12.2,,2.8,36,1,,,2
106,동해,2023-01-09 13:00,10.5,,4.7,54,.9,,,5
106,동해,2023-01-09 14:00,9.5,,7.8,59,.9,,,2
106,동해,2023-01-09 15:00,8.4,,6.4,53,1,,,2
106,동해,2023-01-09 16:00,7.8,,4.7,52,.5,,,4
106,동해,2023-01-09 17:00,7.2,,4.9,52,0,,,6
106,동해,2023-01-09 18:00,6.7,,2.9,52,0,,,8
106,동해,2023-01-09 19:00,5.9,,2.5,52,,,,7
106,동해,2023-01-09 20:00,5.9,,3.1,51,,,,6
106,동해,2023-01-09 21:00,5.8,,3.4,53,,,,5
106,동해,2023-01-09 22:00,5.6,,2.3,51,,,,2
106,동해,2023-01-09 23:00,5.2,,1.3,50,,,,7
106,동해,2023-01-10 00:00,5.8,,2,52,,,,7
106,동해,2023-01-10 01:00,6.2,,1.8,54,,,,9
106,동해,2023-01-10 02:00,5.8,,2.6,55,,,,8
106,동해,2023-01-10 03:00,5.4,0,2.4,56,,,,8
106,동해,2023-01-10 04:00,6,,2.8,51,,,,9
106,동해,2023-01-10 05:00,5.4,,2.8,53,,,,7
106,동해,2023-01-10 06:00,4.9,,2.4,55,,,,4
106,동해,2023-01-10 07:00,2.3,,1.3,68,,,,4
106,동해,2023-01-10 08:00,1.6,,1.4,71,0,,,4
106,동해,2023-01-10 09:00,4.2,,1,61,1,,,1
106,동해,2023-01-10 10:00,7,,.9,50,1,,,1
106,동해,2023-01-10 11:00,8.8,,1.5,41,1,,,0
106,동해,2023-01-10 12:00,8.9,,2.2,43,1,,,0
106,동해,2023-01-10 13:00,9.1,,3.1,47,1,,,0
106,동해,2023-01-10 14:00,9.3,,3.6,50,1,,,0
106,동해,2023-01-10 15:00,9.3,,3.7,55,1,,,0
106,동해,2023-01-10 16:00,9.3,,3.8,58,1,,,0
106,동해,2023-01-10 17:00,8.6,,2.1,60,.6,,,0
106,동해,2023-01-10 18:00,7.4,,.8,64,0,,,0
106,동해,2023-01-10 19:00,5.6,,1,69,,,,0
106,동해,2023-01-10 20:00,5.9,,1.5,66,,,,0
106,동해,2023-01-10 21:00,4.3,,1.6,66,,,,2
106,동해,2023-01-10 22:00,4.5,,2,56,,,,6
106,동해,2023-01-10 23:00,6.3,,2.4,39,,,,5
106,동해,2023-01-11 00:00,7.2,,.3,34,,,,5
106,동해,2023-01-11 01:00,6.1,,.9,28,,,,6
106,동해,2023-01-11 02:00,5.4,,.9,27,,,,6
106,동해,2023-01-11 03:00,5.5,,1.1,31,,,,4
106,동해,2023-01-11 04:00,4.7,,1.7,34,,,,2
106,동해,2023-01-11 05:00,6,,1.5,36,,,,2
106,동해,2023-01-11 06:00,3.8,,.6,39,,,,0
106,동해,2023-01-11 07:00,5,,1.1,31,,,,0
106,동해,2023-01-11 08:00,4.5,,.6,41,.2,,,0
106,동해,2023-01-11 09:00,7.9,,.7,24,1,,,0
106,동해,2023-01-11 10:00,10.2,,.7,22,1,,,0
106,동해,2023-01-11 11:00,13.1,,1.3,14,1,,,0
106,동해,2023-01-11 12:00,14.2,,1,12,1,,,0
106,동해,2023-01-11 13:00,13.5,,1.4,17,1,,,0
106,동해,2023-01-11 14:00,13.1,,2.4,34,1,,,0
106,동해,2023-01-11 15:00,12.5,,2.8,35,1,,,0
106,동해,2023-01-11 16:00,14,,3.9,17,1,,,0
106,동해,2023-01-11 17:00,13.2,,2.4,17,.6,,,0
106,동해,2023-01-11 18:00,12,,4.3,19,0,,,0
106,동해,2023-01-11 19:00,10.1,,2,23,,,,1
106,동해,2023-01-11 20:00,8.8,,2,25,,,,0
106,동해,2023-01-11 21:00,8.3,,2.2,29,,,,0
106,동해,2023-01-11 22:00,8.5,,2.3,27,,,,1
106,동해,2023-01-11 23:00,8.7,,3,26,,,,1
106,동해,2023-01-12 00:00,9.6,,1,23,,,,1
106,동해,2023-01-12 01:00,7.9,,1.4,26,,,,4
106,동해,2023-01-12 02:00,9.5,,1,32,,,,3
106,동해,2023-01-12 03:00,10.1,,.4,25,,,,6
106,동해,2023-01-12 04:00,7.4,,1.3,30,,,,6
106,동해,2023-01-12 05:00,8.5,,1.2,26,,,,5
106,동해,2023-01-12 06:00,7,,1.7,31,,,,6
106,동해,2023-01-12 07:00,6,,1.5,34,,,,6
106,동해,2023-01-12 08:00,7.2,,2.5,30,.1,,,5
106,동해,2023-01-12 09:00,10.1,,2.4,24,1,,,4
106,동해,2023-01-12 10:00,13.7,,2.2,18,1,,,1
106,동해,2023-01-12 11:00,15.6,,2.2,16,1,,,1
106,동해,2023-01-12 12:00,17.3,,2.3,14,1,,,0
106,동해,2023-01-12 13:00,15.2,,2.5,35,1,,,0
106,동해,2023-01-12 14:00,14.5,,1.9,45,1,,,0
106,동해,2023-01-12 15:00,14.3,,2.8,43,1,,,1
106,동해,2023-01-12 16:00,13.7,,2.1,52,1,,,2
106,동해,2023-01-12 17:00,12.5,,1.6,63,.6,,,2
106,동해,2023-01-12 18:00,11.8,,.1,70,0,,,0
106,동해,2023-01-12 19:00,9.2,,1.2,52,,,,0
106,동해,2023-01-12 20:00,8,,1.5,44,,,,0
106,동해,2023-01-12 21:00,8.9,,1.6,34,,,,0
106,동해,2023-01-12 22:00,9.2,,1.7,29,,,,1
106,동해,2023-01-12 23:00,6.9,,1.6,38,,,,0
106,동해,2023-01-13 00:00,9.8,,1.7,29,,,,6
106,동해,2023-01-13 01:00,11.1,,1.7,28,,,,10
106,동해,2023-01-13 02:00,11.5,,.8,27,,,,10
106,동해,2023-01-13 03:00,11.3,,1.4,39,,,,10
106,동해,2023-01-13 04:00,12,,1.1,47,,,,9
106,동해,2023-01-13 05:00,11.2,,.2,52,,,,10
106,동해,2023-01-13 06:00,12.6,0,2.8,57,,,,10
106,동해,2023-01-13 07:00,10.9,,3.1,69,,,,8
106,동해,2023-01-13 08:00,10.3,,2,72,0,,,10
106,동해,2023-01-13 09:00,8.3,.9,3.5,92,0,,,10
106,동해,2023-01-13 10:00,8.2,,2,98,0,,,10
106,동해,2023-01-13 11:00,9.1,,.1,99,0,,,8
106,동해,2023-01-13 12:00,9.3,3.8,.1,99,0,,,9
106,동해,2023-01-13 13:00,9.8,,.5,99,0,,,9
106,동해,2023-01-13 14:00,10,,.8,99,0,,,9
106,동해,2023-01-13 15:00,10,.2,2.7,97,0,,,8
106,동해,2023-01-13 16:00,9.3,,4.3,97,0,,,7
106,동해,2023-01-13 17:00,8.9,,4,96,0,,,10
106,동해,2023-01-13 18:00,8.6,,3.2,96,0,,,10
106,동해,2023-01-13 19:00,8.6,,3,96,,,,9
106,동해,2023-01-13 20:00,8.6,,2.3,94,,,,9
106,동해,2023-01-13 21:00,8.5,,2.4,94,,,,9
106,동해,2023-01-13 22:00,8.2,,.7,94,,,,10
106,동해,2023-01-13 23:00,7.9,,.8,97,,,,6
106,동해,2023-01-14 00:00,8.2,,.8,99,,,,9
106,동해,2023-01-14 01:00,8.2,,.8,99,,,,10
106,동해,2023-01-14 02:00,8.3,,1.3,97,,,,7
106,동해,2023-01-14 03:00,8.5,.2,.9,99,,,,8
106,동해,2023-01-14 04:00,8.7,,2.2,99,,,,10
106,동해,2023-01-14 05:00,8.5,,1.7,99,,,,9
106,동해,2023-01-14 06:00,8.3,1,2,99,,,,9
106,동해,2023-01-14 07:00,8.6,,3,99,,,,10
106,동해,2023-01-14 08:00,8.3,,3.4,99,0,,,10
106,동해,2023-01-14 09:00,7.7,2.8,5.1,99,0,,,10
106,동해,2023-01-14 10:00,7.7,,4.3,94,0,,,9
106,동해,2023-01-14 11:00,7.6,,6.4,87,0,,,9
106,동해,2023-01-14 12:00,7.4,3.3,5.2,88,0,,,9
106,동해,2023-01-14 13:00,6.2,,5.2,94,0,,,9
106,동해,2023-01-14 14:00,5.4,,4,94,0,,,10
106,동해,2023-01-14 15:00,5.1,3.8,5.4,94,0,,,10
106,동해,2023-01-14 16:00,4.9,,4,94,0,,,10
106,동해,2023-01-14 17:00,3.9,,2,96,0,,,10
106,동해,2023-01-14 18:00,3.8,8.1,1.3,99,0,,,9
106,동해,2023-01-14 19:00,4.4,,4.5,99,,,,10
106,동해,2023-01-14 20:00,4.7,,3.2,96,,,,9
106,동해,2023-01-14 21:00,2.8,5.7,3,99,,,,6
106,동해,2023-01-14 22:00,2.7,,2.6,99,,,,7
106,동해,2023-01-14 23:00,2.4,,2.2,99,,,,10
106,동해,2023-01-15 00:00,2.7,8.3,1.8,99,,,,10
106,동해,2023-01-15 01:00,2,,2,99,,,,10
106,동해,2023-01-15 02:00,2.2,,1,99,,,,9
106,동해,2023-01-15 03:00,2.2,10.7,1.5,99,,,,9
106,동해,2023-01-15 04:00,2.1,,2.3,99,,,,9
106,동해,2023-01-15 05:00,2.4,,1.7,99,,,,10
106,동해,2023-01-15 06:00,2.1,4.3,1.6,99,,,,10
106,동해,2023-01-15 07:00,1.7,,1.6,99,,,,10
106,동해,2023-01-15 08:00,2,,1.1,99,0,,,10
106,동해,2023-01-15 09:00,1.8,5.3,.8,99,0,,,10
106,동해,2023-01-15 10:00,2.2,,1.8,99,0,,,10
106,동해,2023-01-15 11:00,2.1,,2,99,0,,,10
106,동해,2023-01-15 12:00,2.8,3.8,1.4,99,0,,,10
106,동해,2023-01-15 13:00,3,,1.5,99,0,,,10
106,동해,2023-01-15 14:00,2.9,,1.9,99,0,,,10
106,동해,2023-01-15 15:00,3.2,1.3,1.4,99,0,,,10
106,동해,2023-01-15 16:00,3.3,,1.6,98,0,,,10
106,동해,2023-01-15 17:00,3.2,,1.2,96,0,,,10
106,동해,2023-01-15 18:00,2.8,.1,1.3,96,0,,,9
106,동해,2023-01-15 19:00,3,,1.8,94,,,,10
106,동해,2023-01-15 20:00,2.9,,.2,95,,,,10
106,동해,2023-01-15 21:00,2.6,,1.4,90,,,,9
106,동해,2023-01-15 22:00,2.6,,2,87,,,,8
106,동해,2023-01-15 23:00,2.8,,1.7,84,,,,10
106,동해,2023-01-16 00:00,2.2,,2.3,88,,,,9
106,동해,2023-01-16 01:00,2.1,,3,83,,,,10
106,동해,2023-01-16 02:00,2.1,,3.3,79,,,,10
106,동해,2023-01-16 03:00,2.2,,2.5,78,,,,9
106,동해,2023-01-16 04:00,2.1,,1.8,77,,,,10
106,동해,2023-01-16 05:00,2.1,,1.6,75,,,,9
106,동해,2023-01-16 06:00,2.1,,1.7,71,,,,8
106,동해,2023-01-16 07:00,1.9,,.5,71,,,,7
106,동해,2023-01-16 08:00,.7,,.7,84,0,,,6
106,동해,2023-01-16 09:00,1.8,,1,75,.4,,,6
106,동해,2023-01-16 10:00,2.9,,.1,68,.6,,,7
106,동해,2023-01-16 11:00,3.8,,2,59,.4,,,7
106,동해,2023-01-16 12:00,4.1,,1.3,53,.8,,,8
106,동해,2023-01-16 13:00,2.9,,3.5,53,.1,,,8
106,동해,2023-01-16 14:00,3.5,,3.7,48,.7,,,6
106,동해,2023-01-16 15:00,3.6,,2.2,47,1,,,5
106,동해,2023-01-16 16:00,3,,3,45,1,,,4
106,동해,2023-01-16 17:00,1.6,,1.7,51,.6,,,4
106,동해,2023-01-16 18:00,.2,,1.1,56,0,,,2
106,동해,2023-01-16 19:00,.4,,2.1,55,,,,0
106,동해,2023-01-16 20:00,.2,,2.1,53,,,,0
106,동해,2023-01-16 21:00,-.5,,2.2,61,,,,0
106,동해,2023-01-16 22:00,-.7,,2.2,58,,,,0
106,동해,2023-01-16 23:00,-1.6,,1.4,61,,,,0
106,동해,2023-01-17 00:00,-2.2,,1.6,63,,,,1
106,동해,2023-01-17 01:00,-1.9,,2.2,57,,,,1
106,동해,2023-01-17 02:00,-2.8,,1.5,62,,,,3
106,동해,2023-01-17 03:00,-2.8,,1.2,65,,,,5
106,동해,2023-01-17 04:00,-3.1,,1.5,66,,,,5
106,동해,2023-01-17 05:00,-2.9,,1.1,67,,,,7
106,동해,2023-01-17 06:00,-2.6,,1.7,61,,,,7
106,동해,2023-01-17 07:00,-1.9,,1.5,51,,,,7
106,동해,2023-01-17 08:00,-1.8,,1.6,54,0,,,10
106,동해,2023-01-17 09:00,-1,,1.3,49,0,,,9
106,동해,2023-01-17 10:00,.2,,.4,44,0,,,9
106,동해,2023-01-17 11:00,1.4,,1.7,34,0,,,10
106,동해,2023-01-17 12:00,2.1,,1.8,27,0,,,10
106,동해,2023-01-17 13:00,2.5,,2.1,29,0,,,9
106,동해,2023-01-17 14:00,2.2,,4.9,35,.1,,,10
106,동해,2023-01-17 15:00,2.9,,3,38,0,,,10
106,동해,2023-01-17 16:00,3.1,,4.4,42,.2,,,9
106,동해,2023-01-17 17:00,2.3,,2.2,46,.6,,,5
106,동해,2023-01-17 18:00,1.8,,1.9,47,0,,,7
106,동해,2023-01-17 19:00,1.3,,.9,50,,,,4
106,동해,2023-01-17 20:00,1.3,,1.7,50,,,,6
106,동해,2023-01-17 21:00,1.1,,2.4,51,,,,10
106,동해,2023-01-17 22:00,1.1,,2.5,53,,,,10
106,동해,2023-01-17 23:00,1,,1.3,53,,,,10
106,동해,2023-01-18 00:00,1,,3.4,53,,,,7
106,동해,2023-01-18 01:00,1.4,,5.1,51,,,,7
106,동해,2023-01-18 02:00,1,,3.4,55,,,,9
106,동해,2023-01-18 03:00,1.1,,2.9,54,,,,10
106,동해,2023-01-18 04:00,1.2,,2.4,52,,,,8
106,동해,2023-01-18 05:00,.1,,.6,58,,,,7
106,동해,2023-01-18 06:00,-.4,,.4,60,,,,6
106,동해,2023-01-18 07:00,0,,1.9,58,,,,6
106,동해,2023-01-18 08:00,-.1,,.7,55,0,,,6
106,동해,2023-01-18 09:00,2,,.8,49,.6,,,5
106,동해,2023-01-18 10:00,2.3,,.9,42,1,,,4
106,동해,2023-01-18 11:00,3.2,,.9,34,1,,,2
106,동해,2023-01-18 12:00,3.3,,1.6,35,1,,,3
106,동해,2023-01-18 13:00,3.3,,2.6,36,1,,,0
106,동해,2023-01-18 14:00,4,,2.2,42,1,,,1
106,동해,2023-01-18 15:00,3.8,,1.9,46,1,,,0
106,동해,2023-01-18 16:00,3.6,,1.1,48,1,,,1
106,동해,2023-01-18 17:00,2.5,,.6,52,.6,,,1
106,동해,2023-01-18 18:00,1.2,,1.3,58,0,,,0
106,동해,2023-01-18 19:00,.6,,1.4,57,,,,0
106,동해,2023-01-18 20:00,.5,,.7,54,,,,0
106,동해,2023-01-18 21:00,-.4,,1.7,62,,,,0
106,동해,2023-01-18 22:00,-.6,,1.2,59,,,,0
106,동해,2023-01-18 23:00,-1,,2,51,,,,0
106,동해,2023-01-19 00:00,-.9,,1.6,50,,,,0
106,동해,2023-01-19 01:00,-1.7,,1.7,53,,,,0
106,동해,2023-01-19 02:00,-2.1,,2.1,50,,,,0
106,동해,2023-01-19 03:00,-1.6,,1.3,43,,,,0
106,동해,2023-01-19 04:00,-.6,,.5,40,,,,0
106,동해,2023-01-19 05:00,-1.3,,1,37,,,,3
106,동해,2023-01-19 06:00,-.5,,.9,34,,,,6
106,동해,2023-01-19 07:00,-1.9,,1.1,41,,,,4
106,동해,2023-01-19 08:00,-2.1,,1.3,45,.1,,,3
106,동해,2023-01-19 09:00,-.1,,1.2,40,.9,,,7
106,동해,2023-01-19 10:00,4.2,,1.9,35,1,,,8
106,동해,2023-01-19 11:00,4.1,,2.7,35,1,,,7
106,동해,2023-01-19 12:00,3.9,,2.9,34,.6,,,8
106,동해,2023-01-19 13:00,5,,2.8,33,.7,,,8
106,동해,2023-01-19 14:00,5.9,,1.2,30,1,,,7
106,동해,2023-01-19 15:00,6.4,,1.8,36,1,,,3
106,동해,2023-01-19 16:00,5.5,,2.4,38,1,,,2
106,동해,2023-01-19 17:00,4.5,,.7,37,.6,,,0
106,동해,2023-01-19 18:00,3.3,,1,42,0,,,1
106,동해,2023-01-19 19:00,2.9,,.8,45,,,,2
106,동해,2023-01-19 20:00,2.2,,1.1,51,,,,5
106,동해,2023-01-19 21:00,2.9,,.5,47,,,,0
106,동해,2023-01-19 22:00,1.2,,.8,53,,,,2
106,동해,2023-01-19 23:00,2.7,,.7,54,,,,6
106,동해,2023-01-20 00:00,3.9,,1,53,,,,6
106,동해,2023-01-20 01:00,3.1,,1.6,58,,,,4
106,동해,2023-01-20 02:00,4.5,,.4,54,,,,5
106,동해,2023-01-20 03:00,5.6,,3.4,47,,,,5
106,동해,2023-01-20 04:00,4.8,,1.8,53,,,,5
106,동해,2023-01-20 05:00,5,,2.3,47,,,,6
106,동해,2023-01-20 06:00,4.6,,5,45,,,,5
106,동해,2023-01-20 07:00,4.1,,2.3,35,,,,0
106,동해,2023-01-20 08:00,3.6,,3.7,34,0,,,1
106,동해,2023-01-20 09:00,3.6,,3.2,30,.6,,,1
106,동해,2023-01-20 10:00,3,,3.3,25,1,,,1
106,동해,2023-01-20 11:00,3.3,,3.2,27,1,,,0
106,동해,2023-01-20 12:00,2.6,,6.5,19,1,,,0
106,동해,2023-01-20 13:00,2.8,,6.3,17,1,,,0
106,동해,2023-01-20 14:00,3.7,,4.7,15,1,,,0
106,동해,2023-01-20 15:00,3.5,,3.3,13,1,,,0
106,동해,2023-01-20 16:00,3.3,,3.2,16,1,,,0
106,동해,2023-01-20 17:00,1.7,,3.6,17,.7,,,0
106,동해,2023-01-20 18:00,.7,,3.3,17,0,,,0
106,동해,2023-01-20 19:00,.1,,3.3,19,,,,0
106,동해,2023-01-20 20:00,-.2,,3,18,,,,0
106,동해,2023-01-20 21:00,-.2,,3.4,17,,,,0
106,동해,2023-01-20 22:00,-.8,,2.7,20,,,,0
106,동해,2023-01-20 23:00,-1.6,,2,27,,,,0
106,동해,2023-01-21 00:00,-2.4,,.9,31,,,,0
106,동해,2023-01-21 01:00,-3.1,,1.7,31,,,,1
106,동해,2023-01-21 02:00,-3.3,,2.1,32,,,,0
106,동해,2023-01-21 03:00,-3,,2,28,,,,2
106,동해,2023-01-21 04:00,-3.5,,3.1,29,,,,1
106,동해,2023-01-21 05:00,-4.6,,1.8,35,,,,3
106,동해,2023-01-21 06:00,-4.6,,1.6,33,,,,1
106,동해,2023-01-21 07:00,-5,,1.4,35,,,,1
106,동해,2023-01-21 08:00,-4.7,,1.4,34,.2,,,1
106,동해,2023-01-21 09:00,-1.7,,1,28,1,,,0
106,동해,2023-01-21 10:00,-.3,,1.5,22,1,,,0
106,동해,2023-01-21 11:00,1.1,,1.2,17,1,,,0
106,동해,2023-01-21 12:00,1.5,,1.1,20,1,,,0
106,동해,2023-01-21 13:00,2.3,,2.3,25,1,,,0
106,동해,2023-01-21 14:00,3.4,,1.3,26,1,,,0
106,동해,2023-01-21 15:00,4,,2.9,16,1,,,0
106,동해,2023-01-21 16:00,3.5,,2.5,18,1,,,0
106,동해,2023-01-21 17:00,2.1,,1.5,24,.7,,,0
106,동해,2023-01-21 18:00,1.3,,.8,26,0,,,0
106,동해,2023-01-21 19:00,-.3,,1.7,31,,,,0
106,동해,2023-01-21 20:00,-.7,,1.7,35,,,,2
106,동해,2023-01-21 21:00,-1.1,,1.3,38,,,,0
106,동해,2023-01-21 22:00,-1.2,,1.2,40,,,,6
106,동해,2023-01-21 23:00,-1.4,,1.8,42,,,,6
106,동해,2023-01-22 00:00,-1.5,,1.2,44,,,,7
106,동해,2023-01-22 01:00,-1.6,,1.2,43,,,,10
106,동해,2023-01-22 02:00,-1.4,,1.4,43,,,,9
106,동해,2023-01-22 03:00,-1.4,,1.7,42,,,,10
106,동해,2023-01-22 04:00,-1.3,,1.3,46,,,,10
106,동해,2023-01-22 05:00,-1.1,,1.5,46,,,,10
106,동해,2023-01-22 06:00,-.8,,1.7,44,,,,9
106,동해,2023-01-22 07:00,-1,,1.7,47,,,,10
106,동해,2023-01-22 08:00,-.5,,1,44,0,,,9
106,동해,2023-01-22 09:00,.4,,1.6,43,0,,,10
106,동해,2023-01-22 10:00,2.5,,1.8,35,0,,,10
106,동해,2023-01-22 11:00,3.6,,1,30,0,,,10
106,동해,2023-01-22 12:00,5.4,,.4,29,.5,,,8
106,동해,2023-01-22 13:00,5.8,,1.3,37,.8,,,9
106,동해,2023-01-22 14:00,5.8,,1.9,38,0,,,9
106,동해,2023-01-22 15:00,5.8,,1.3,33,0,,,8
106,동해,2023-01-22 16:00,5.8,,.7,39,0,,,7
106,동해,2023-01-22 17:00,4.8,,.6,45,0,,,6
106,동해,2023-01-22 18:00,4.4,,1.5,43,0,,,7
106,동해,2023-01-22 19:00,3.5,,1.1,48,,,,6
106,동해,2023-01-22 20:00,2.6,,1.8,52,,,,5
106,동해,2023-01-22 21:00,1.2,,1.6,61,,,,4
106,동해,2023-01-22 22:00,.8,,1.1,65,,,,7
106,동해,2023-01-22 23:00,1.4,,1.4,64,,,,5
106,동해,2023-01-23 00:00,.7,,1.8,67,,,,5
106,동해,2023-01-23 01:00,.9,,1.5,66,,,,6
106,동해,2023-01-23 02:00,1.1,,1.6,67,,,,6
106,동해,2023-01-23 03:00,2,,1.7,61,,,,5
106,동해,2023-01-23 04:00,1.5,,.9,61,,,,6
106,동해,2023-01-23 05:00,1,,1.9,64,,,,0
106,동해,2023-01-23 06:00,2.1,,1.9,62,,,,0
106,동해,2023-01-23 07:00,3.2,,2.6,55,,,,0
106,동해,2023-01-23 08:00,2.9,,1.8,56,0,,,2
106,동해,2023-01-23 09:00,5,,1.8,48,.9,,,0
106,동해,2023-01-23 10:00,6.1,,1.6,44,1,,,0
106,동해,2023-01-23 11:00,7.4,,2.3,37,1,,,0
106,동해,2023-01-23 12:00,8,,1.7,30,1,,,0
106,동해,2023-01-23 13:00,8,,1.6,44,1,,,0
106,동해,2023-01-23 14:00,6.8,,2.8,44,1,,,3
106,동해,2023-01-23 15:00,6.9,,2.1,42,1,,,3
106,동해,2023-01-23 16:00,6.4,,2,45,1,,,3
106,동해,2023-01-23 17:00,5.5,,2.2,51,.4,,,6
106,동해,2023-01-23 18:00,4.8,,1.6,57,0,,,7
106,동해,2023-01-23 19:00,4.4,,1.9,57,,,,8
106,동해,2023-01-23 20:00,3.9,,1.7,61,,,,7
106,동해,2023-01-23 21:00,3.7,,1.5,62,,,,7
106,동해,2023-01-23 22:00,4.4,,3.7,35,,,,9
106,동해,2023-01-23 23:00,3.5,,2.9,38,,,,8
106,동해,2023-01-24 00:00,2.8,,3.4,36,,,,8
106,동해,2023-01-24 01:00,1.2,,5.1,26,,,,8
106,동해,2023-01-24 02:00,.3,,2.6,27,,,,8
106,동해,2023-01-24 03:00,-.7,,3.2,23,,,,6
106,동해,2023-01-24 04:00,-1.8,,2.3,20,,,,6
106,동해,2023-01-24 05:00,-3,,2.1,19,,,,1
106,동해,2023-01-24 06:00,-4.3,,4.5,21,,,,2
106,동해,2023-01-24 07:00,-6,,4.3,25,,,,3
106,동해,2023-01-24 08:00,-7.3,,4.7,26,0,,,1
106,동해,2023-01-24 09:00,-7.6,,5,24,1,,,0
106,동해,2023-01-24 10:00,-7.2,,5.1,25,1,,,0
106,동해,2023-01-24 11:00,-7.3,,6.3,22,1,,,0
106,동해,2023-01-24 12:00,-6.9,,5.4,22,1,,,0
106,동해,2023-01-24 13:00,-5.6,,2.8,22,1,,,5
106,동해,2023-01-24 14:00,-6.2,,3.6,20,1,,,3
106,동해,2023-01-24 15:00,-6,,2.7,20,1,,,3
106,동해,2023-01-24 16:00,-7.5,,4.2,20,1,,,4
106,동해,2023-01-24 17:00,-8.5,,3.7,22,.8,,,5
106,동해,2023-01-24 18:00,-9.3,,3.8,24,0,,,4
106,동해,2023-01-24 19:00,-10.1,,3.1,27,,,,2
106,동해,2023-01-24 20:00,-10.3,,2.9,27,,,,2
106,동해,2023-01-24 21:00,-10.6,,4.8,27,,,,3
106,동해,2023-01-24 22:00,-10.8,,4.6,28,,,,3
106,동해,2023-01-24 23:00,-10.6,,3.1,28,,,,3
106,동해,2023-01-25 00:00,-11.1,,3.8,29,,,,3
106,동해,2023-01-25 01:00,-11.1,,2.9,29,,,,3
106,동해,2023-01-25 02:00,-11,,3.8,28,,,,3
106,동해,2023-01-25 03:00,-11.1,,3.7,28,,,,3
106,동해,2023-01-25 04:00,-11.4,,2.3,29,,,,4
106,동해,2023-01-25 05:00,-11.6,,1,29,,,,2
106,동해,2023-01-25 06:00,-10.6,,1.9,26,,,,3
106,동해,2023-01-25 07:00,-12.3,,1.6,39,,,,3
106,동해,2023-01-25 08:00,-11.2,,1.9,37,.2,,,2
106,동해,2023-01-25 09:00,-8.8,,2,30,1,,,2
106,동해,2023-01-25 10:00,-6.1,,.7,21,1,,,1
106,동해,2023-01-25 11:00,-4.7,,1.7,18,1,,,0
106,동해,2023-01-25 12:00,-2.2,,.8,16,1,,,0
106,동해,2023-01-25 13:00,-.6,,1.1,26,1,,,0
106,동해,2023-01-25 14:00,-1.7,,3.7,14,1,,,0
106,동해,2023-01-25 15:00,-1.3,,5,13,1,,,0
106,동해,2023-01-25 16:00,-1.8,,4.4,13,1,,,1
106,동해,2023-01-25 17:00,-2.6,,4,14,.8,,,0
106,동해,2023-01-25 18:00,-3.6,,2.9,16,0,,,1
106,동해,2023-01-25 19:00,-4.1,,2.6,15,,,,0
106,동해,2023-01-25 20:00,-4.7,,4.9,18,,,,1
106,동해,2023-01-25 21:00,-5.5,,.9,19,,,,2
106,동해,2023-01-25 22:00,-6.4,,1.1,29,,,,10
106,동해,2023-01-25 23:00,-6,,1.4,29,,,,6
106,동해,2023-01-26 00:00,-4.5,,2.2,36,,,,6
106,동해,2023-01-26 01:00,-6.1,,1.6,33,,,,6
106,동해,2023-01-26 02:00,-4.2,,1.9,42,,,,6
106,동해,2023-01-26 03:00,-4.2,,2.3,44,,,,5
106,동해,2023-01-26 04:00,-5.1,,1.6,47,,,,6
106,동해,2023-01-26 05:00,-6.1,,1,53,,,,5
106,동해,2023-01-26 06:00,-5.7,,1.8,56,,,,4
106,동해,2023-01-26 07:00,-5.5,,1.3,57,,,,6
106,동해,2023-01-26 08:00,-5.1,,1.9,58,0,,,6
106,동해,2023-01-26 09:00,-2.5,,2.2,52,.3,,,7
106,동해,2023-01-26 10:00,-1.7,,1.6,47,.5,,,7
106,동해,2023-01-26 11:00,0,,.6,42,.5,,,7
106,동해,2023-01-26 12:00,.6,,1.5,46,1,,,8
106,동해,2023-01-26 13:00,.8,,1.4,48,.1,,,9
106,동해,2023-01-26 14:00,.9,,1.1,54,0,,,10
106,동해,2023-01-26 15:00,1.5,,1,53,0,,,10
106,동해,2023-01-26 16:00,.8,,.6,60,0,,,10
106,동해,2023-01-26 17:00,1,,.5,63,0,,,10
106,동해,2023-01-26 18:00,.5,,.4,65,0,,,10
106,동해,2023-01-26 19:00,-.1,,.9,67,,,,10
106,동해,2023-01-26 20:00,.4,,2.1,62,,,,10
106,동해,2023-01-26 21:00,.3,,2.6,51,,,,10
106,동해,2023-01-26 22:00,.2,,1.5,42,,,,10
106,동해,2023-01-26 23:00,-.2,,2,41,,,,10
106,동해,2023-01-27 00:00,-1,,.8,43,,,,8
106,동해,2023-01-27 01:00,-1.2,,2.8,44,,,,4
106,동해,2023-01-27 02:00,-1.7,,2.7,50,,,,3
106,동해,2023-01-27 03:00,-1.7,,1.9,44,,,,2
106,동해,2023-01-27 04:00,-2.2,,2,43,,,,1
106,동해,2023-01-27 05:00,-2.3,,3.2,41,,,,2
106,동해,2023-01-27 06:00,-2.6,,4.2,41,,,,2
106,동해,2023-01-27 07:00,-3,,2.4,37,,,,1
106,동해,2023-01-27 08:00,-2.9,,1.7,34,.2,,,1
106,동해,2023-01-27 09:00,-2,,2.3,30,1,,,0
106,동해,2023-01-27 10:00,-1.1,,2.5,28,1,,,0
106,동해,2023-01-27 11:00,-.3,,3.6,29,1,,,0
106,동해,2023-01-27 12:00,.7,,4,26,1,,,0
106,동해,2023-01-27 13:00,.4,,5.7,20,1,,,0
106,동해,2023-01-27 14:00,.7,,5,22,1,,,3
106,동해,2023-01-27 15:00,-.1,,4.7,26,1,,,4
106,동해,2023-01-27 16:00,-.7,,4.5,27,1,,,5
106,동해,2023-01-27 17:00,-1.5,,2.6,24,.9,,,4
106,동해,2023-01-27 18:00,-2.6,,1.9,25,0,,,2
106,동해,2023-01-27 19:00,-2.9,,3.7,26,,,,0
106,동해,2023-01-27 20:00,-3.2,,4.3,27,,,,1
106,동해,2023-01-27 21:00,-3.9,,3.2,29,,,,2
106,동해,2023-01-27 22:00,-4.5,,4,29,,,,1
106,동해,2023-01-27 23:00,-5,,3.7,31,,,,0
106,동해,2023-01-28 00:00,-5.5,,2.4,33,,,,1
106,동해,2023-01-28 01:00,-5.6,,2.9,32,,,,1
106,동해,2023-01-28 02:00,-6.1,,3.2,33,,,,3
106,동해,2023-01-28 03:00,-6.6,,2.6,35,,,,1
106,동해,2023-01-28 04:00,-6.7,,3.3,33,,,,1
106,동해,2023-01-28 05:00,-7.2,,3.4,35,,,,1
106,동해,2023-01-28 06:00,-6.9,,3.5,33,,,,1
106,동해,2023-01-28 07:00,-6.4,,2.9,30,,,,1
106,동해,2023-01-28 08:00,-5.8,,2.1,28,.3,,,1
106,동해,2023-01-28 09:00,-4.6,,3.7,24,.9,,,6
106,동해,2023-01-28 10:00,-2.6,,2.4,20,1,,,5
106,동해,2023-01-28 11:00,-1.3,,3.6,19,1,,,0
106,동해,2023-01-28 12:00,-.7,,3.5,19,1,,,5
106,동해,2023-01-28 13:00,.4,,2.9,28,1,,,1
106,동해,2023-01-28 14:00,.9,,5.8,19,1,,,1
106,동해,2023-01-28 15:00,.8,,4.3,22,1,,,2
106,동해,2023-01-28 16:00,1,,1.8,21,1,,,0
106,동해,2023-01-28 17:00,-.2,,3.3,25,.9,,,1
106,동해,2023-01-28 18:00,-.6,,2.8,27,0,,,0
106,동해,2023-01-28 19:00,-.7,,2.2,28,,,,0
106,동해,2023-01-28 20:00,-1.2,,2.5,29,,,,0
106,동해,2023-01-28 21:00,-1.2,,3.6,31,,,,0
106,동해,2023-01-28 22:00,-1.4,,2,32,,,,0
106,동해,2023-01-28 23:00,-1.5,,2.4,35,,,,0
106,동해,2023-01-29 00:00,-1.7,,2.5,36,,,,2
106,동해,2023-01-29 01:00,-2,,.8,37,,,,1
106,동해,2023-01-29 02:00,-2.5,,1,40,,,,1
106,동해,2023-01-29 03:00,-1.8,,3.1,36,,,,1
106,동해,2023-01-29 04:00,-1.9,,3,35,,,,1
106,동해,2023-01-29 05:00,-2.2,,3.7,34,,,,1
106,동해,2023-01-29 06:00,-2.4,,2.6,34,,,,2
106,동해,2023-01-29 07:00,-2.2,,2.6,33,,,,1
106,동해,2023-01-29 08:00,-1.9,,1.9,35,.3,,,1
106,동해,2023-01-29 09:00,-.3,,3.4,32,.9,,,1
106,동해,2023-01-29 10:00,1.1,,2.7,30,1,,,0
106,동해,2023-01-29 11:00,2.3,,3.7,27,1,,,0
106,동해,2023-01-29 12:00,3.4,,3.4,26,1,,,0
106,동해,2023-01-29 13:00,3.4,,4.2,30,.4,,,9
106,동해,2023-01-29 14:00,4.1,,4.4,31,.1,,,7
106,동해,2023-01-29 15:00,5.3,,1.6,28,1,,,5
106,동해,2023-01-29 16:00,4,,1.7,33,1,,,5
106,동해,2023-01-29 17:00,3.3,,2.2,39,.9,,,4
106,동해,2023-01-29 18:00,2.3,,1.3,50,0,,,4
106,동해,2023-01-29 19:00,2.5,,1.3,50,,,,5
106,동해,2023-01-29 20:00,3,,.5,52,,,,6
106,동해,2023-01-29 21:00,1.3,0,1,76,,,,4
106,동해,2023-01-29 22:00,1.5,,1.9,74,,,,5
106,동해,2023-01-29 23:00,1.3,,2.1,76,,,,5
106,동해,2023-01-30 00:00,2.2,.1,2.2,48,,,,3
106,동해,2023-01-30 01:00,2,,2.6,46,,,,3
106,동해,2023-01-30 02:00,1.6,,2.9,46,,,,1
106,동해,2023-01-30 03:00,1.4,,4.4,42,,,,3
106,동해,2023-01-30 04:00,.7,,2.6,43,,,,1
106,동해,2023-01-30 05:00,0,,2.9,44,,,,1
106,동해,2023-01-30 06:00,.2,,3.7,39,,,,1
106,동해,2023-01-30 07:00,-.2,,3.8,39,,,,4
106,동해,2023-01-30 08:00,-.4,,2.5,39,.2,,,1
106,동해,2023-01-30 09:00,1.1,,2.2,34,.9,,,0
106,동해,2023-01-30 10:00,2.6,,2.3,27,1,,,1
106,동해,2023-01-30 11:00,2.5,,1.9,25,1,,,3
106,동해,2023-01-30 12:00,3.5,,1,23,1,,,1
106,동해,2023-01-30 13:00,3.3,,4,30,1,,,0
106,동해,2023-01-30 14:00,3.5,,3.2,30,1,,,0
106,동해,2023-01-30 15:00,3.6,,2.3,32,1,,,0
106,동해,2023-01-30 16:00,4,,1.2,35,1,,,0
106,동해,2023-01-30 17:00,2.9,,.7,37,.9,,,1
106,동해,2023-01-30 18:00,2.5,,1.2,41,0,,,0
106,동해,2023-01-30 19:00,1.5,,1.3,43,,,,0
106,동해,2023-01-30 20:00,.9,,.8,37,,,,0
106,동해,2023-01-30 21:00,-.8,,1.3,42,,,,0
106,동해,2023-01-30 22:00,-.2,,1.3,41,,,,0
106,동해,2023-01-30 23:00,-.4,,1,40,,,,0
106,동해,2023-01-31 00:00,-.2,,1.3,40,,,,0
106,동해,2023-01-31 01:00,.7,,1.2,35,,,,0
106,동해,2023-01-31 02:00,.2,,2.2,35,,,,0
106,동해,2023-01-31 03:00,.3,,1.7,34,,,,0
106,동해,2023-01-31 04:00,.3,,2.1,32,,,,0
106,동해,2023-01-31 05:00,-.1,,1.7,39,,,,0
106,동해,2023-01-31 06:00,-.3,,1.9,39,,,,0
106,동해,2023-01-31 07:00,.3,,2.3,38,,,,0
106,동해,2023-01-31 08:00,.1,,2.1,42,0,,,0
106,동해,2023-01-31 09:00,2.3,,1.5,37,.9,,,0
106,동해,2023-01-31 10:00,5.1,,.6,28,1,,,0
106,동해,2023-01-31 11:00,5.4,,2,37,1,,,0
106,동해,2023-01-31 12:00,6.9,,1.5,34,1,,,0
106,동해,2023-01-31 13:00,8.4,,1.8,23,1,,,0
106,동해,2023-01-31 14:00,9.9,,2.6,17,1,,,0
106,동해,2023-01-31 15:00,9.9,,2.9,19,1,,,0
106,동해,2023-01-31 16:00,9.8,,1.1,24,1,,,0
106,동해,2023-01-31 17:00,9,,1.5,29,.9,,,0
106,동해,2023-01-31 18:00,8,,1.5,34,0,,,0
106,동해,2023-01-31 19:00,8.6,,2.9,38,,,,0
106,동해,2023-01-31 20:00,8.6,,4.6,43,,,,0
106,동해,2023-01-31 21:00,8.4,,5.1,45,,,,0
106,동해,2023-01-31 22:00,8.3,,4.2,45,,,,0
106,동해,2023-01-31 23:00,8.1,,1.8,46,,,,1
106,동해,2023-02-01 00:00,8.6,,2.1,46,,,,5
106,동해,2023-02-01 01:00,8.4,,2,48,,,,6
106,동해,2023-02-01 02:00,8.7,,2.9,50,,,,5
106,동해,2023-02-01 03:00,8.5,,1.9,52,,,,6
106,동해,2023-02-01 04:00,8.2,,3,50,,,,6
106,동해,2023-02-01 05:00,7.8,,2.2,43,,,,5
106,동해,2023-02-01 06:00,6.7,,2.1,42,,,,6
106,동해,2023-02-01 07:00,6.5,,1.9,41,,,,6
106,동해,2023-02-01 08:00,6.8,,2.4,39,.1,,,5
106,동해,2023-02-01 09:00,7.4,,1.2,38,.8,,,1
106,동해,2023-02-01 10:00,7.6,,2.3,36,1,,,0
106,동해,2023-02-01 11:00,8,,3.2,38,1,,,0
106,동해,2023-02-01 12:00,8,,5.3,38,1,,,0
106,동해,2023-02-01 13:00,10.5,,3.3,21,1,,,1
106,동해,2023-02-01 14:00,9.5,,3.6,19,1,,,2
106,동해,2023-02-01 15:00,8.7,,4.1,19,1,,,2
106,동해,2023-02-01 16:00,7.7,,3.6,20,1,,,5
106,동해,2023-02-01 17:00,6.8,,3.2,21,.8,,,6
106,동해,2023-02-01 18:00,5.9,,2.6,21,0,,,1
106,동해,2023-02-01 19:00,5.1,,2.4,24,,,,0
106,동해,2023-02-01 20:00,4.2,,2.9,26,,,,1
106,동해,2023-02-01 21:00,3.5,,2.5,27,,,,3
106,동해,2023-02-01 22:00,3.1,,2.6,28,,,,4
106,동해,2023-02-01 23:00,2.4,,2.8,29,,,,4
106,동해,2023-02-02 00:00,2,,1.6,32,,,,5
106,동해,2023-02-02 01:00,1.6,,2.1,34,,,,5
106,동해,2023-02-02 02:00,1.7,,2.3,35,,,,5
106,동해,2023-02-02 03:00,1.5,,2.8,37,,,,4
106,동해,2023-02-02 04:00,1.2,,2,37,,,,3
106,동해,2023-02-02 05:00,.2,,1.2,39,,,,4
106,동해,2023-02-02 06:00,.3,,1.2,39,,,,5
106,동해,2023-02-02 07:00,-1.1,,1.1,42,,,,4
106,동해,2023-02-02 08:00,-2.2,,1.4,52,0,,,4
106,동해,2023-02-02 09:00,-.9,,.9,52,.4,,,6
106,동해,2023-02-02 10:00,1.8,,1.1,41,1,,,7
106,동해,2023-02-02 11:00,3.7,,1,29,1,,,7
106,동해,2023-02-02 12:00,3.1,,2.5,34,1,,,7
106,동해,2023-02-02 13:00,3.8,,2.1,39,.9,,,9
106,동해,2023-02-02 14:00,3.8,,3.3,39,1,,,8
106,동해,2023-02-02 15:00,3.5,,3.2,46,.8,,,9
106,동해,2023-02-02 16:00,3.1,,2.2,53,.1,,,10
106,동해,2023-02-02 17:00,2.7,,1,54,.2,,,6
106,동해,2023-02-02 18:00,2,,.9,59,0,,,7
106,동해,2023-02-02 19:00,1.3,,1.8,60,,,,5
106,동해,2023-02-02 20:00,1.5,,1.3,61,,,,6
106,동해,2023-02-02 21:00,.5,,1.2,64,,,,4
106,동해,2023-02-02 22:00,-.5,,1.3,69,,,,3
106,동해,2023-02-02 23:00,-.9,,1.7,72,,,,4
106,동해,2023-02-03 00:00,-.8,,2,72,,,,5
106,동해,2023-02-03 01:00,-1.2,,1.6,75,,,,7
106,동해,2023-02-03 02:00,-1.3,,1.5,70,,,,8
106,동해,2023-02-03 03:00,-.8,,1.5,59,,,,10
106,동해,2023-02-03 04:00,-.5,,1.3,55,,,,9
106,동해,2023-02-03 05:00,-.4,,1.7,52,,,,10
106,동해,2023-02-03 06:00,-.2,,1.6,52,,,,10
106,동해,2023-02-03 07:00,-.1,,1.6,52,,,,9
106,동해,2023-02-03 08:00,.1,,1.4,55,0,,,7
106,동해,2023-02-03 09:00,2,,.9,51,.1,,,8
106,동해,2023-02-03 10:00,3.7,,.4,45,.2,,,7
106,동해,2023-02-03 11:00,5.2,,1.5,47,.9,,,6
106,동해,2023-02-03 12:00,4.9,,3.2,51,.9,,,8
106,동해,2023-02-03 13:00,5.3,,3,54,.4,,,9
106,동해,2023-02-03 14:00,5,,3,55,0,,,7
106,동해,2023-02-03 15:00,5.2,,3.5,58,.9,,,7
106,동해,2023-02-03 16:00,4.3,,3.6,60,.8,,,7
106,동해,2023-02-03 17:00,4.2,,3,60,.7,,,7
106,동해,2023-02-03 18:00,3.5,,1.8,64,0,,,6
106,동해,2023-02-03 19:00,2.7,,2.2,67,,,,2
106,동해,2023-02-03 20:00,2.5,,1.9,67,,,,6
106,동해,2023-02-03 21:00,1.5,,.5,71,,,,5
106,동해,2023-02-03 22:00,-.4,,.8,79,,,,5
106,동해,2023-02-03 23:00,-.5,,1.6,75,,,,6
106,동해,2023-02-04 00:00,-1.2,,1.1,46,,,,4
106,동해,2023-02-04 01:00,1.5,,2.9,32,,,,0
106,동해,2023-02-04 02:00,1.6,,3.7,27,,,,0
106,동해,2023-02-04 03:00,.9,,4.4,27,,,,0
106,동해,2023-02-04 04:00,.7,,4.1,26,,,,0
106,동해,2023-02-04 05:00,.5,,2.5,23,,,,0
106,동해,2023-02-04 06:00,.8,,3.4,22,,,,0
106,동해,2023-02-04 07:00,.6,,3.5,22,,,,0
106,동해,2023-02-04 08:00,1,,3.2,21,.4,,,0
106,동해,2023-02-04 09:00,2,,2.9,19,1,,,0
106,동해,2023-02-04 10:00,3.5,,2.5,18,1,,,0
106,동해,2023-02-04 11:00,4.6,,2.8,21,1,,,0
106,동해,2023-02-04 12:00,5.4,,2.2,20,1,,,1
106,동해,2023-02-04 13:00,6.7,,2.5,18,1,,,0
106,동해,2023-02-04 14:00,5.9,,1.7,26,1,,,0
106,동해,2023-02-04 15:00,6.5,,1.5,27,1,,,0
106,동해,2023-02-04 16:00,6.7,,1.8,29,1,,,0
106,동해,2023-02-04 17:00,5.9,,3,21,.9,,,0
106,동해,2023-02-04 18:00,5.1,,2.3,24,0,,,0
106,동해,2023-02-04 19:00,3.7,,1.6,28,,,,0
106,동해,2023-02-04 20:00,3.7,,1.2,30,,,,1
106,동해,2023-02-04 21:00,2.9,,1,32,,,,0
106,동해,2023-02-04 22:00,1.8,,1.6,36,,,,0
106,동해,2023-02-04 23:00,.8,,1.7,39,,,,0
106,동해,2023-02-05 00:00,-.1,,2.1,44,,,,0
106,동해,2023-02-05 01:00,1.9,,2.3,38,,,,0
106,동해,2023-02-05 02:00,.7,,.9,40,,,,0
106,동해,2023-02-05 03:00,.3,,1.8,41,,,,0
106,동해,2023-02-05 04:00,1.3,,1.6,38,,,,0
106,동해,2023-02-05 05:00,.5,,1.2,38,,,,0
106,동해,2023-02-05 06:00,.2,,2,41,,,,0
106,동해,2023-02-05 07:00,-1.3,,1.5,43,,,,0
106,동해,2023-02-05 08:00,1,,1.8,37,.4,,,0
106,동해,2023-02-05 09:00,3.5,,1.5,32,1,,,0
106,동해,2023-02-05 10:00,6.2,,2,23,1,,,0
106,동해,2023-02-05 11:00,7.8,,.8,16,1,,,0
106,동해,2023-02-05 12:00,9.2,,1.6,17,1,,,0
106,동해,2023-02-05 13:00,9.2,,1.1,22,1,,,0
106,동해,2023-02-05 14:00,9.7,,3.2,19,1,,,0
106,동해,2023-02-05 15:00,9.7,,3.5,20,1,,,0
106,동해,2023-02-05 16:00,8.7,,.9,30,1,,,0
106,동해,2023-02-05 17:00,7.5,,1.4,34,.9,,,0
106,동해,2023-02-05 18:00,7.4,,.7,29,0,,,0
106,동해,2023-02-05 19:00,5.1,,1.4,36,,,,0
106,동해,2023-02-05 20:00,5,,1.2,36,,,,0
106,동해,2023-02-05 21:00,4,,1.2,39,,,,0
106,동해,2023-02-05 22:00,3.1,,1,42,,,,0
106,동해,2023-02-05 23:00,3.4,,1.2,45,,,,2
106,동해,2023-02-06 00:00,2.8,,1.6,48,,,,6
106,동해,2023-02-06 01:00,3.4,,1.5,47,,,,5
106,동해,2023-02-06 02:00,2.7,,1.1,48,,,,6
106,동해,2023-02-06 03:00,3.2,,1.6,48,,,,5
106,동해,2023-02-06 04:00,3.1,,1.6,46,,,,0
106,동해,2023-02-06 05:00,2.7,,1.7,44,,,,0
106,동해,2023-02-06 06:00,2.2,,2.4,42,,,,0
106,동해,2023-02-06 07:00,1.7,,2.1,43,,,,2
106,동해,2023-02-06 08:00,2.1,,1.8,42,.2,,,1
106,동해,2023-02-06 09:00,5,,1.2,38,1,,,0
106,동해,2023-02-06 10:00,7.8,,1.1,30,1,,,6
106,동해,2023-02-06 11:00,9.3,,1.2,22,1,,,4
106,동해,2023-02-06 12:00,10.3,,2,35,1,,,2
106,동해,2023-02-06 13:00,10.2,,3,37,1,,,6
106,동해,2023-02-06 14:00,10.4,,2.7,32,1,,,7
106,동해,2023-02-06 15:00,10.4,,2.1,40,1,,,6
106,동해,2023-02-06 16:00,9.7,,1.6,40,.8,,,7
106,동해,2023-02-06 17:00,9.2,,1,43,0,,,8
106,동해,2023-02-06 18:00,8.1,,1.1,52,0,,,6
106,동해,2023-02-06 19:00,7.3,,1,50,,,,6
106,동해,2023-02-06 20:00,6.8,,.7,47,,,,6
106,동해,2023-02-06 21:00,4.7,,1.8,52,,,,8
106,동해,2023-02-06 22:00,4.1,,1.6,54,,,,6
106,동해,2023-02-06 23:00,3.1,,1.7,57,,,,6
106,동해,2023-02-07 00:00,3,,2.4,51,,,,0
106,동해,2023-02-07 01:00,2.7,,1.8,49,,,,0
106,동해,2023-02-07 02:00,1.7,,1.6,56,,,,0
106,동해,2023-02-07 03:00,1.2,,1.7,58,,,,1
106,동해,2023-02-07 04:00,1,,1.6,62,,,,0
106,동해,2023-02-07 05:00,6.3,,2.4,57,,,,5
106,동해,2023-02-07 06:00,5.9,,2.3,62,,,,6
106,동해,2023-02-07 07:00,5.4,,2.1,67,,,,6
106,동해,2023-02-07 08:00,5.1,,1.4,70,0,,,5
106,동해,2023-02-07 09:00,5.3,,1.1,68,0,,,6
106,동해,2023-02-07 10:00,6.6,,3.1,64,.8,,,7
106,동해,2023-02-07 11:00,7.5,,3.1,58,.4,,,7
106,동해,2023-02-07 12:00,8.3,,3.1,55,.7,,,7
106,동해,2023-02-07 13:00,6.9,,4.6,60,.4,,,8
106,동해,2023-02-07 14:00,7.4,,5.3,61,.1,,,7
106,동해,2023-02-07 15:00,7.4,,3.9,62,.4,,,9
106,동해,2023-02-07 16:00,7,,3.5,59,0,,,9
106,동해,2023-02-07 17:00,6.6,,3.5,60,0,,,8
106,동해,2023-02-07 18:00,6,,2.5,64,0,,,6
106,동해,2023-02-07 19:00,5.3,,1.9,67,,,,7
106,동해,2023-02-07 20:00,4.9,,1.4,69,,,,8
106,동해,2023-02-07 21:00,4.8,,1,69,,,,7
106,동해,2023-02-07 22:00,3.8,,.7,72,,,,6
106,동해,2023-02-07 23:00,3.9,,1.1,74,,,,5
106,동해,2023-02-08 00:00,2.3,,1.3,80,,,,3
106,동해,2023-02-08 01:00,2,,1.4,80,,,,6
106,동해,2023-02-08 02:00,.9,,1.3,85,,,,0
106,동해,2023-02-08 03:00,.7,,1.5,86,,,,2
106,동해,2023-02-08 04:00,.3,,.9,89,,,,5
106,동해,2023-02-08 05:00,.2,,2.1,91,,,,0
106,동해,2023-02-08 06:00,.4,,2,85,,,,0
106,동해,2023-02-08 07:00,.6,,2.2,82,,,,1
106,동해,2023-02-08 08:00,-.1,,1.2,85,0,,,1
106,동해,2023-02-08 09:00,2.6,,1.1,74,1,,,0
106,동해,2023-02-08 10:00,6.4,,2.4,60,1,,,1
106,동해,2023-02-08 11:00,6.9,,3.8,57,1,,,1
106,동해,2023-02-08 12:00,7.2,,4.7,56,1,,,0
106,동해,2023-02-08 13:00,7.8,,4.1,52,1,,,1
106,동해,2023-02-08 14:00,7.2,,3.7,55,1,,,2
106,동해,2023-02-08 15:00,7.1,,4.3,58,.7,,,4
106,동해,2023-02-08 16:00,6.5,,4.3,57,.4,,,3
106,동해,2023-02-08 17:00,6.1,,2.5,59,.4,,,1
106,동해,2023-02-08 18:00,5.3,,2.6,65,0,,,1
106,동해,2023-02-08 19:00,4.5,,1.3,68,,,,0
106,동해,2023-02-08 20:00,3.2,,1.2,71,,,,0
106,동해,2023-02-08 21:00,2.5,,1.9,76,,,,0
106,동해,2023-02-08 22:00,1.7,,2.2,79,,,,0
106,동해,2023-02-08 23:00,1.5,,1.9,81,,,,0
106,동해,2023-02-09 00:00,1.2,,2.5,83,,,,0
106,동해,2023-02-09 01:00,-.1,,1.5,86,,,,0
106,동해,2023-02-09 02:00,-.5,,2.3,85,,,,0
106,동해,2023-02-09 03:00,-.1,,2.4,75,,,,4
106,동해,2023-02-09 04:00,-1,,1.9,72,,,,5
106,동해,2023-02-09 05:00,-.6,,1.7,68,,,,6
106,동해,2023-02-09 06:00,.2,,1.7,65,,,,6
106,동해,2023-02-09 07:00,.7,,1.5,64,,,,8
106,동해,2023-02-09 08:00,2.4,,1.4,61,0,,,4
106,동해,2023-02-09 09:00,3.5,,1.2,59,1,,,5
106,동해,2023-02-09 10:00,5.5,,2.4,51,1,,,4
106,동해,2023-02-09 11:00,6.6,,4.4,49,1,,,6
106,동해,2023-02-09 12:00,6.4,,4,50,.8,,,5
106,동해,2023-02-09 13:00,6.7,,2.3,49,.4,,,8
106,동해,2023-02-09 14:00,6.7,,2.9,54,.6,,,7
106,동해,2023-02-09 15:00,6.5,,2.4,55,.1,,,7
106,동해,2023-02-09 16:00,6.1,,2,61,0,,,7
106,동해,2023-02-09 17:00,5.9,,1.3,64,0,,,8
106,동해,2023-02-09 18:00,5.4,.1,1.7,66,0,,,10
106,동해,2023-02-09 19:00,5.1,,.9,68,,,,10
106,동해,2023-02-09 20:00,5.2,,.9,68,,,,10
106,동해,2023-02-09 21:00,4.9,,.9,69,,,,10
106,동해,2023-02-09 22:00,5,,.2,69,,,,10
106,동해,2023-02-09 23:00,4.7,,.9,70,,,,10
106,동해,2023-02-10 00:00,3.9,.3,.2,83,,,,10
106,동해,2023-02-10 01:00,3.9,,.3,95,,,,10
106,동해,2023-02-10 02:00,3.5,,.6,98,,,,10
106,동해,2023-02-10 03:00,3.4,2.6,.5,99,,,,10
106,동해,2023-02-10 04:00,2.9,,.4,99,,,,10
106,동해,2023-02-10 05:00,3.5,,1.1,99,,,,10
106,동해,2023-02-10 06:00,3.4,1.4,1.1,99,,,,10
106,동해,2023-02-10 07:00,3.3,,.6,99,,,,10
106,동해,2023-02-10 08:00,3.4,,1.8,99,0,,,9
106,동해,2023-02-10 09:00,3.9,1.1,2,99,0,,,8
106,동해,2023-02-10 10:00,4.4,,1.5,98,0,,,8
106,동해,2023-02-10 11:00,5.5,,2.5,94,0,,,7
106,동해,2023-02-10 12:00,5.9,.5,2.2,84,.2,,,8
106,동해,2023-02-10 13:00,6.2,,3.5,79,0,,,9
106,동해,2023-02-10 14:00,6.5,,3.2,77,0,,,9
106,동해,2023-02-10 15:00,5.7,,3.5,81,0,,,9
106,동해,2023-02-10 16:00,5.7,,1.8,80,0,,,9
106,동해,2023-02-10 17:00,5.8,,1.8,80,0,,,9
106,동해,2023-02-10 18:00,5.1,,2.5,81,0,,,6
106,동해,2023-02-10 19:00,4.9,,1.7,82,,,,8
106,동해,2023-02-10 20:00,4.7,,.8,83,,,,6
106,동해,2023-02-10 21:00,3.8,,1.5,91,,,,0
106,동해,2023-02-10 22:00,2.4,,1.2,93,,,,0
106,동해,2023-02-10 23:00,2,,1.4,95,,,,0
106,동해,2023-02-11 00:00,1.5,,1.5,98,,,,0
106,동해,2023-02-11 01:00,1,,1.6,99,,,,0
106,동해,2023-02-11 02:00,.6,,1.8,99,,,,0
106,동해,2023-02-11 03:00,.6,,1.5,99,,,,0
106,동해,2023-02-11 04:00,.9,,1.8,97,,,,0
106,동해,2023-02-11 05:00,.5,,1.6,89,,,,0
106,동해,2023-02-11 06:00,.9,,1.8,87,,,,0
106,동해,2023-02-11 07:00,.5,,2.2,88,,,,0
106,동해,2023-02-11 08:00,.6,,1,87,.1,,,6
106,동해,2023-02-11 09:00,2.6,,1.2,78,.4,,,6
106,동해,2023-02-11 10:00,5.4,,1.2,66,1,,,6
106,동해,2023-02-11 11:00,8.7,,1.1,56,1,,,6
106,동해,2023-02-11 12:00,8.9,,2.2,60,1,,,6
106,동해,2023-02-11 13:00,10.2,,2.2,58,1,,,6
106,동해,2023-02-11 14:00,9.4,,3.3,64,.8,,,9
106,동해,2023-02-11 15:00,10,,4.4,65,.5,,,8
106,동해,2023-02-11 16:00,9.9,,2.7,66,.6,,,9
106,동해,2023-02-11 17:00,9.8,,1.4,68,0,,,9
106,동해,2023-02-11 18:00,8.8,,1.4,70,0,,,10
106,동해,2023-02-11 19:00,8.2,,.4,66,,,,7
106,동해,2023-02-11 20:00,6.6,,2.1,72,,,,0
106,동해,2023-02-11 21:00,4.7,,1.6,73,,,,0
106,동해,2023-02-11 22:00,3.8,,1.7,71,,,,0
106,동해,2023-02-11 23:00,3.7,,2.7,65,,,,0
106,동해,2023-02-12 00:00,3.5,,1.6,59,,,,0
106,동해,2023-02-12 01:00,4.5,,2,51,,,,0
106,동해,2023-02-12 02:00,4.6,,1.8,45,,,,0
106,동해,2023-02-12 03:00,5.3,,1.3,36,,,,0
106,동해,2023-02-12 04:00,4.6,,2.6,42,,,,0
106,동해,2023-02-12 05:00,4.2,,2.5,38,,,,0
106,동해,2023-02-12 06:00,4.9,,2.6,35,,,,0
106,동해,2023-02-12 07:00,5.1,,2.6,32,,,,0
106,동해,2023-02-12 08:00,5.3,,1.4,34,0,,,6
106,동해,2023-02-12 09:00,5,,1.4,46,.2,,,8
106,동해,2023-02-12 10:00,8.2,,.6,37,.6,,,8
106,동해,2023-02-12 11:00,9,,2.9,62,.6,,,9
106,동해,2023-02-12 12:00,8.6,,4.1,61,0,,,9
106,동해,2023-02-12 13:00,8.8,,4.9,56,.2,,,9
106,동해,2023-02-12 14:00,8.2,,5.9,58,.7,,,8
106,동해,2023-02-12 15:00,7.9,,5.3,62,0,,,10
106,동해,2023-02-12 16:00,7.6,,4.3,62,0,,,10
106,동해,2023-02-12 17:00,7.2,,3.4,63,0,,,10
106,동해,2023-02-12 18:00,7.1,,1.2,60,0,,,10
106,동해,2023-02-12 19:00,7.2,,1.4,59,,,,10
106,동해,2023-02-12 20:00,7.5,,2.3,65,,,,10
106,동해,2023-02-12 21:00,6.9,0,2.2,79,,,,9
106,동해,2023-02-12 22:00,7.4,,3.8,78,,,,10
106,동해,2023-02-12 23:00,6.8,,4.1,81,,,,10
106,동해,2023-02-13 00:00,6.7,.2,3,82,,,,10
106,동해,2023-02-13 01:00,6.3,,3,84,,,,10
106,동해,2023-02-13 02:00,6.4,,2,80,,,,10
106,동해,2023-02-13 03:00,6.6,.4,2.6,67,,,,10
106,동해,2023-02-13 04:00,7,,2.9,62,,,,10
106,동해,2023-02-13 05:00,6.9,,3,58,,,,10
106,동해,2023-02-13 06:00,6.8,0,4.1,62,,,,10
106,동해,2023-02-13 07:00,6.6,,3,60,,,,10
106,동해,2023-02-13 08:00,6.7,,3,68,0,,,10
106,동해,2023-02-13 09:00,6.3,0,3.8,69,0,,,10
106,동해,2023-02-13 10:00,6.2,,2.5,66,0,,,10
106,동해,2023-02-13 11:00,5.8,,3.4,68,0,,,10
106,동해,2023-02-13 12:00,5.5,0,3.2,70,0,,,10
106,동해,2023-02-13 13:00,4.2,,1.5,83,0,,,10
106,동해,2023-02-13 14:00,3.4,,1.9,91,0,,,9
106,동해,2023-02-13 15:00,3.3,1.6,1.4,97,0,,,9
106,동해,2023-02-13 16:00,3.8,,3.3,89,0,,,10
106,동해,2023-02-13 17:00,1.7,,2,98,0,,,10
106,동해,2023-02-13 18:00,1.6,5.9,1.5,99,0,,,10
106,동해,2023-02-13 19:00,1.3,,1,99,0,,,9
106,동해,2023-02-13 20:00,1.4,,1.5,99,,,,8
106,동해,2023-02-13 21:00,1.5,5.4,1.4,99,,,,8
106,동해,2023-02-13 22:00,1.6,,1.2,99,,,,8
106,동해,2023-02-13 23:00,1.8,,1.7,99,,,,8
106,동해,2023-02-14 00:00,1.9,1.8,1.3,99,,,,0
106,동해,2023-02-14 01:00,2,,1.2,99,,,,8
106,동해,2023-02-14 02:00,1.7,,.1,99,,,,9
106,동해,2023-02-14 03:00,1.6,2.1,0,99,,,,10
106,동해,2023-02-14 04:00,1.4,,.7,99,,,,8
106,동해,2023-02-14 05:00,1.2,,1.4,99,,,,8
106,동해,2023-02-14 06:00,1.5,.2,1.2,99,,,,9
106,동해,2023-02-14 07:00,1.3,,.8,99,,,,9
106,동해,2023-02-14 08:00,1.8,,1.2,99,0,,,8
106,동해,2023-02-14 09:00,2.7,0,1.9,99,0,,,9
106,동해,2023-02-14 10:00,3.5,,3.6,83,.5,,,8
106,동해,2023-02-14 11:00,2.9,,3.7,75,1,,,8
106,동해,2023-02-14 12:00,1.1,.2,4.3,90,.1,,,10
106,동해,2023-02-14 13:00,.9,,2.8,97,0,,,10
106,동해,2023-02-14 14:00,1,,3.9,93,0,,,8
106,동해,2023-02-14 15:00,1.7,3.4,4,76,.8,,,10
106,동해,2023-02-14 16:00,1.9,,3.4,67,.8,,,9
106,동해,2023-02-14 17:00,1.6,,2.9,61,0,,,10
106,동해,2023-02-14 18:00,1.2,,2.7,63,0,,,9
106,동해,2023-02-14 19:00,1.2,,1.6,60,0,,,9
106,동해,2023-02-14 20:00,.9,,2.6,62,,,,9
106,동해,2023-02-14 21:00,-.1,.7,1.6,80,,,,10
106,동해,2023-02-14 22:00,-.4,,.8,84,,,,9
106,동해,2023-02-14 23:00,-.6,,1.1,89,,,,9
106,동해,2023-02-15 00:00,-.2,.8,1,93,,,,8
106,동해,2023-02-15 01:00,.2,,1.9,92,,,,10
106,동해,2023-02-15 02:00,.6,,1.8,80,,,,10
106,동해,2023-02-15 03:00,.9,0,1.1,72,,,,10
106,동해,2023-02-15 04:00,-.4,,1.7,92,,,,10
106,동해,2023-02-15 05:00,-.7,,2.1,97,,,,10
106,동해,2023-02-15 06:00,-.5,1.9,1,98,,,,5
106,동해,2023-02-15 07:00,0,,2.1,97,,,,10
106,동해,2023-02-15 08:00,0,,1.5,99,0,,,10
106,동해,2023-02-15 09:00,.2,4.5,.6,99,0,,,10
106,동해,2023-02-15 10:00,.3,,1.6,99,0,,,10
106,동해,2023-02-15 11:00,.6,,.6,99,0,,15.3,10
106,동해,2023-02-15 12:00,.7,8.4,.8,99,0,,17.5,10
106,동해,2023-02-15 13:00,1,,.4,99,0,,20.2,10
106,동해,2023-02-15 14:00,.7,,2,99,0,,20.1,10
106,동해,2023-02-15 15:00,.9,4.8,.7,99,0,,20,10
106,동해,2023-02-15 16:00,.8,,1.2,99,0,,19.9,10
106,동해,2023-02-15 17:00,1,,.4,99,0,,19.6,10
106,동해,2023-02-15 18:00,.9,1.7,.3,99,0,,18.9,10
106,동해,2023-02-15 19:00,.6,,.7,99,0,,18.3,9
106,동해,2023-02-15 20:00,.7,,.8,99,,,18.5,8
106,동해,2023-02-15 21:00,.7,1.5,1,99,,,19.1,10
106,동해,2023-02-15 22:00,.7,,.5,99,,,19.2,10
106,동해,2023-02-15 23:00,.6,,.5,99,,,18.9,9
106,동해,2023-02-16 00:00,.8,.6,1.4,99,,,18.6,8
106,동해,2023-02-16 01:00,-.1,,.7,99,,,18.4,7
106,동해,2023-02-16 02:00,-.7,,.9,99,,,18.2,6
106,동해,2023-02-16 03:00,-1.1,,1.3,99,,,18,6
106,동해,2023-02-16 04:00,-.5,,1.4,99,,,17.9,7
106,동해,2023-02-16 05:00,0,,1.9,95,,,17.7,8
106,동해,2023-02-16 06:00,-.4,,1.2,91,,,17.7,7
106,동해,2023-02-16 07:00,-1.4,,1.6,94,,,17.5,4
106,동해,2023-02-16 08:00,-.4,,1.8,91,.4,,17.4,3
106,동해,2023-02-16 09:00,1.3,,1.9,85,1,,17.2,3
106,동해,2023-02-16 10:00,3.5,,1.8,73,1,,17,0
106,동해,2023-02-16 11:00,5.7,,1,68,1,,16.2,0
106,동해,2023-02-16 12:00,5.2,,.8,72,.8,,14.8,4
106,동해,2023-02-16 13:00,5.7,,1.1,68,.4,,13.3,8
106,동해,2023-02-16 14:00,7,,1.5,64,1,,11.1,4
106,동해,2023-02-16 15:00,7.1,,2.6,50,1,,9.1,5
106,동해,2023-02-16 16:00,7.2,,2.7,45,1,,7.6,3
106,동해,2023-02-16 17:00,6.4,,2,47,.7,,7.1,0
106,동해,2023-02-16 18:00,5.1,,.9,49,0,,6.9,0
106,동해,2023-02-16 19:00,4.4,,1.5,50,0,,6.8,0
106,동해,2023-02-16 20:00,3.4,,1.6,53,,,6.8,0
106,동해,2023-02-16 21:00,4.2,,1.3,49,,,6.7,0
106,동해,2023-02-16 22:00,4.1,,.9,44,,,6.7,0
106,동해,2023-02-16 23:00,4.3,,2.3,42,,,6.6,0
106,동해,2023-02-17 00:00,3.6,,.4,47,,,6.6,1
106,동해,2023-02-17 01:00,3.2,,1.2,45,,,6.5,1
106,동해,2023-02-17 02:00,2.9,,.9,47,,,6.5,0
106,동해,2023-02-17 03:00,3.2,,2,45,,,6.5,4
106,동해,2023-02-17 04:00,3.8,,.8,42,,,6.5,6
106,동해,2023-02-17 05:00,3.5,,.9,44,,,6.5,6
106,동해,2023-02-17 06:00,3.6,,.9,45,,,6.5,6
106,동해,2023-02-17 07:00,3.5,,1.2,45,,,6.5,6
106,동해,2023-02-17 08:00,2.2,,2,52,0,,6.5,8
106,동해,2023-02-17 09:00,4.8,,1.7,45,.2,,6.3,6
106,동해,2023-02-17 10:00,5.9,,1.6,44,.4,,6.3,6
106,동해,2023-02-17 11:00,8.2,,1.3,38,.7,,6,6
106,동해,2023-02-17 12:00,8.8,,.1,34,.7,,5.6,6
106,동해,2023-02-17 13:00,9.1,,1.8,34,.9,,5.1,3
106,동해,2023-02-17 14:00,9.3,,1.8,37,1,,4.2,2
106,동해,2023-02-17 15:00,9.9,,1.7,39,1,,3.5,4
106,동해,2023-02-17 16:00,10,,1.9,40,1,,3.1,6
106,동해,2023-02-17 17:00,9.3,,1.9,41,.8,,2.9,5
106,동해,2023-02-17 18:00,8.7,,.6,44,0,,2.9,6
106,동해,2023-02-17 19:00,7.8,,1.1,48,0,,2.9,10
106,동해,2023-02-17 20:00,6.8,,1.1,51,,,2.9,9
106,동해,2023-02-17 21:00,5.7,,2.3,57,,,2.9,8
106,동해,2023-02-17 22:00,4.9,,1.8,62,,,2.8,6
106,동해,2023-02-17 23:00,4.3,,1.3,66,,,2.8,7
106,동해,2023-02-18 00:00,5.5,,1.8,58,,,2.8,7
106,동해,2023-02-18 01:00,5.2,,1.6,61,,,2.8,7
106,동해,2023-02-18 02:00,5.2,,1.7,56,,,2.8,9
106,동해,2023-02-18 03:00,6.3,,.3,47,,,2.7,10
106,동해,2023-02-18 04:00,5.8,,1.2,52,,,2.7,9
106,동해,2023-02-18 05:00,6.1,,.7,49,,,2.6,10
106,동해,2023-02-18 06:00,5.4,,1.9,58,,,2.5,10
106,동해,2023-02-18 07:00,5.2,,1.5,61,,,2.5,10
106,동해,2023-02-18 08:00,5,,1.4,66,0,,2.4,10
106,동해,2023-02-18 09:00,5.6,,1.3,61,0,,2.3,9
106,동해,2023-02-18 10:00,6.1,,1.6,61,0,,2.2,10
106,동해,2023-02-18 11:00,6.7,,1.1,58,0,,2.1,10
106,동해,2023-02-18 12:00,9,,.5,45,0,,1.9,9
106,동해,2023-02-18 13:00,9.9,,.5,45,0,,1.6,10
106,동해,2023-02-18 14:00,9.5,,.7,51,0,,1.4,10
106,동해,2023-02-18 15:00,9,,1,54,0,,1.2,10
106,동해,2023-02-18 16:00,9.2,,.1,55,0,,1.1,
106,동해,2023-02-18 17:00,9,,0,60,0,,1,9
106,동해,2023-02-18 18:00,8.3,,.9,63,0,,.9,10
106,동해,2023-02-18 19:00,8.2,,.3,63,0,,.8,10
106,동해,2023-02-18 20:00,7.5,,.4,67,,,.8,10
106,동해,2023-02-18 21:00,7.2,,1.1,69,,,.8,10
106,동해,2023-02-18 22:00,7.7,,1.1,64,,,.7,10
106,동해,2023-02-18 23:00,7.2,,.4,68,,,.6,9
106,동해,2023-02-19 00:00,8,,.9,66,,,.5,9
106,동해,2023-02-19 01:00,9.1,,2,38,,,.4,9
106,동해,2023-02-19 02:00,9.1,,4,38,,,.4,9
106,동해,2023-02-19 03:00,8.9,,3.8,39,,,.3,9
106,동해,2023-02-19 04:00,8.7,,3.6,35,,,.3,9
106,동해,2023-02-19 05:00,8.5,,2.8,34,,,.2,9
106,동해,2023-02-19 06:00,8.3,,2.2,39,,,,9
106,동해,2023-02-19 07:00,8,,1.1,44,,,,4
106,동해,2023-02-19 08:00,8.1,,1.8,48,.2,,,2
106,동해,2023-02-19 09:00,8.6,,2.7,50,1,,,6
106,동해,2023-02-19 10:00,8.8,,2.8,48,.7,,,6
106,동해,2023-02-19 11:00,10.5,,2.7,42,1,,,1
106,동해,2023-02-19 12:00,11.1,,3.8,39,1,,,1
106,동해,2023-02-19 13:00,10.9,,5.2,33,1,,,0
106,동해,2023-02-19 14:00,11.5,,3.8,30,1,,,0
106,동해,2023-02-19 15:00,11.1,,3.7,30,1,,,1
106,동해,2023-02-19 16:00,10.6,,3.9,32,1,,,0
106,동해,2023-02-19 17:00,9.9,,3.3,31,.9,,,0
106,동해,2023-02-19 18:00,8.5,,2.4,32,0,,,0
106,동해,2023-02-19 19:00,7.7,,2.7,29,0,,,0
106,동해,2023-02-19 20:00,7,,5.2,23,,,,0
106,동해,2023-02-19 21:00,5.9,,3.3,24,,,,0
106,동해,2023-02-19 22:00,5.2,,3.4,23,,,,0
106,동해,2023-02-19 23:00,4.5,,2.8,22,,,,0
106,동해,2023-02-20 00:00,4.1,,3.3,22,,,,1
106,동해,2023-02-20 01:00,3.8,,3.5,22,,,,0
106,동해,2023-02-20 02:00,3.4,,2.7,24,,,,0
106,동해,2023-02-20 03:00,3.1,,2.9,26,,,,0
106,동해,2023-02-20 04:00,2.4,,2.2,29,,,,0
106,동해,2023-02-20 05:00,1.6,,1.7,31,,,,1
106,동해,2023-02-20 06:00,1.7,,2,32,,,,0
106,동해,2023-02-20 07:00,1.5,,2.4,34,,,,0
106,동해,2023-02-20 08:00,2.3,,1.6,35,.5,,,1
106,동해,2023-02-20 09:00,3.9,,1.9,31,1,,,0
106,동해,2023-02-20 10:00,4.6,,3.9,24,1,,,0
106,동해,2023-02-20 11:00,5.2,,3.9,17,1,,,0
106,동해,2023-02-20 12:00,5.6,,3.9,16,1,,,0
106,동해,2023-02-20 13:00,5.9,,4.1,14,1,,,0
106,동해,2023-02-20 14:00,6.9,,2.9,15,1,,,0
106,동해,2023-02-20 15:00,6.9,,3.9,13,1,,,2
106,동해,2023-02-20 16:00,3.9,,6.8,47,1,,,5
106,동해,2023-02-20 17:00,3,,5.4,45,1,,,5
106,동해,2023-02-20 18:00,2.5,,4.5,47,.1,,,6
106,동해,2023-02-20 19:00,2.4,,3.1,44,0,,,7
106,동해,2023-02-20 20:00,2.1,,2.9,41,,,,7
106,동해,2023-02-20 21:00,1.6,,2.7,40,,,,8
106,동해,2023-02-20 22:00,1.5,,3,35,,,,8
106,동해,2023-02-20 23:00,1.2,,2.3,31,,,,8
106,동해,2023-02-21 00:00,.8,,2.7,29,,,,6
106,동해,2023-02-21 01:00,.7,,3.6,30,,,,5
106,동해,2023-02-21 02:00,.3,,3,33,,,,6
106,동해,2023-02-21 03:00,.1,,3.9,35,,,,4
106,동해,2023-02-21 04:00,-.2,,4,38,,,,5
106,동해,2023-02-21 05:00,-.5,,3.3,39,,,,6
106,동해,2023-02-21 06:00,-.8,,3.2,42,,,,5
106,동해,2023-02-21 07:00,-.8,,3,43,,,,6
106,동해,2023-02-21 08:00,-.4,,2.9,43,.3,,,7
106,동해,2023-02-21 09:00,.7,,3.1,42,1,,,7
106,동해,2023-02-21 10:00,2.2,,2,40,1,,,6
106,동해,2023-02-21 11:00,2.3,,3.9,38,1,,,6
106,동해,2023-02-21 12:00,2.4,,4.6,43,1,,,4
106,동해,2023-02-21 13:00,2.7,,3.7,43,1,,,2
106,동해,2023-02-21 14:00,3.1,,3.1,43,1,,,3
106,동해,2023-02-21 15:00,2.8,,2.5,43,1,,,3
106,동해,2023-02-21 16:00,3.1,,2.2,45,1,,,0
106,동해,2023-02-21 17:00,2.2,,1.3,48,1,,,0
106,동해,2023-02-21 18:00,1.4,,.7,54,.1,,,0
106,동해,2023-02-21 19:00,1.3,,.3,55,0,,,0
106,동해,2023-02-21 20:00,.2,,1.6,60,,,,0
106,동해,2023-02-21 21:00,-.6,,1.5,64,,,,0
106,동해,2023-02-21 22:00,-.8,,1.3,71,,,,0
106,동해,2023-02-21 23:00,-.6,,2.5,65,,,,3
106,동해,2023-02-22 00:00,-.8,,2.2,65,,,,1
106,동해,2023-02-22 01:00,-.5,,1.9,64,,,,0
106,동해,2023-02-22 02:00,-2,,1.3,71,,,,0
106,동해,2023-02-22 03:00,-2.6,,1.6,76,,,,0
106,동해,2023-02-22 04:00,-2.9,,1.6,74,,,,0
106,동해,2023-02-22 05:00,-1.5,,1.9,58,,,,0
106,동해,2023-02-22 06:00,-3,,1.4,66,,,,0
106,동해,2023-02-22 07:00,-2.3,,1.4,67,,,,0
106,동해,2023-02-22 08:00,-.9,,1.8,59,.6,,,0
106,동해,2023-02-22 09:00,3.1,,1.1,37,1,,,0
106,동해,2023-02-22 10:00,5,,1.7,31,1,,,0
106,동해,2023-02-22 11:00,6.2,,2.1,35,1,,,3
106,동해,2023-02-22 12:00,7.9,,2.1,32,1,,,6
106,동해,2023-02-22 13:00,8.4,,2.5,36,1,,,0
106,동해,2023-02-22 14:00,8.3,,2.5,38,1,,,0
106,동해,2023-02-22 15:00,8.6,,3.8,37,1,,,6
106,동해,2023-02-22 16:00,8.5,,3.7,39,1,,,6
106,동해,2023-02-22 17:00,9.2,,3.3,45,1,,,6
106,동해,2023-02-22 18:00,8.5,,1,47,.2,,,6
106,동해,2023-02-22 19:00,7.8,,.6,42,0,,,9
106,동해,2023-02-22 20:00,7.2,,1.9,38,,,,10
106,동해,2023-02-22 21:00,7.1,,1.5,35,,,,10
106,동해,2023-02-22 22:00,7.1,,1.3,32,,,,10
106,동해,2023-02-22 23:00,6.4,,1.4,33,,,,10
106,동해,2023-02-23 00:00,6.6,,.9,38,,,,10
106,동해,2023-02-23 01:00,7.9,,2,40,,,,9
106,동해,2023-02-23 02:00,7.4,,2.9,37,,,,5
106,동해,2023-02-23 03:00,6.4,,.4,41,,,,0
106,동해,2023-02-23 04:00,5.3,,1.8,37,,,,0
106,동해,2023-02-23 05:00,4.6,,.6,43,,,,3
106,동해,2023-02-23 06:00,4.4,,1.7,36,,,,0
106,동해,2023-02-23 07:00,5,,1,33,,,,0
106,동해,2023-02-23 08:00,5.6,,.7,35,.5,,,0
106,동해,2023-02-23 09:00,7.3,,1.2,36,1,,,0
106,동해,2023-02-23 10:00,9.5,,1.2,32,1,,,0
106,동해,2023-02-23 11:00,9.8,,1.8,35,1,,,0
106,동해,2023-02-23 12:00,9.4,,3.2,40,1,,,0
106,동해,2023-02-23 13:00,10,,3.1,40,1,,,1
106,동해,2023-02-23 14:00,9.6,,2.9,41,1,,,1
106,동해,2023-02-23 15:00,9.2,,1.9,45,1,,,5
106,동해,2023-02-23 16:00,9.1,,1.3,46,1,,,3
106,동해,2023-02-23 17:00,8.1,,.8,51,.9,,,6
106,동해,2023-02-23 18:00,7.8,,1.6,53,.1,,,7
106,동해,2023-02-23 19:00,7.1,,1,56,0,,,6
106,동해,2023-02-23 20:00,6.9,,.6,56,,,,5
106,동해,2023-02-23 21:00,4.4,,1.5,67,,,,6
106,동해,2023-02-23 22:00,3.8,,1.3,69,,,,6
106,동해,2023-02-23 23:00,4.9,,1.3,66,,,,8
106,동해,2023-02-24 00:00,7,,.4,45,,,,8
106,동해,2023-02-24 01:00,5.2,,1.2,57,,,,8
106,동해,2023-02-24 02:00,6.2,,1.2,44,,,,9
106,동해,2023-02-24 03:00,6.6,,1.1,45,,,,9
106,동해,2023-02-24 04:00,6.3,,.4,45,,,,9
106,동해,2023-02-24 05:00,6.6,,.4,44,,,,6
106,동해,2023-02-24 06:00,6.3,,2.3,45,,,,6
106,동해,2023-02-24 07:00,5.5,,1,48,,,,6
106,동해,2023-02-24 08:00,5.6,,1.6,50,0,,,5
106,동해,2023-02-24 09:00,6.7,,1,45,.7,,,4
106,동해,2023-02-24 10:00,7.8,,1.1,40,1,,,2
106,동해,2023-02-24 11:00,8.7,,4.2,39,1,,,0
106,동해,2023-02-24 12:00,8.4,,6.5,38,1,,,1
106,동해,2023-02-24 13:00,8.1,,7.8,43,1,,,0
106,동해,2023-02-24 14:00,7.7,,6.9,43,1,,,2
106,동해,2023-02-24 15:00,6.5,,6.1,44,.8,,,6
106,동해,2023-02-24 16:00,6.7,,4.7,57,0,,,8
106,동해,2023-02-24 17:00,5.7,,4.3,60,0,,,9
106,동해,2023-02-24 18:00,5.5,,3.1,58,0,,,9
106,동해,2023-02-24 19:00,4.5,,4,79,0,,,10
106,동해,2023-02-24 20:00,4.3,,4,82,,,,9
106,동해,2023-02-24 21:00,3.3,.7,1.3,87,,,,10
106,동해,2023-02-24 22:00,1.7,,.7,95,,,,10
106,동해,2023-02-24 23:00,1.7,,.6,99,,,.2,10
106,동해,2023-02-25 00:00,1.5,6.2,1.4,99,,,.5,9
106,동해,2023-02-25 01:00,.9,,.7,99,,,1.5,8
106,동해,2023-02-25 02:00,1.1,,.7,99,,,1.6,8
106,동해,2023-02-25 03:00,1,5.4,0,99,,,2.7,8
106,동해,2023-02-25 04:00,1.1,,.7,99,,,2.9,8
106,동해,2023-02-25 05:00,1,,.2,99,,,4.4,8
106,동해,2023-02-25 06:00,.9,4.4,0,99,,,6.2,9
106,동해,2023-02-25 07:00,.9,,.2,99,,,6.7,9
106,동해,2023-02-25 08:00,1.2,,1.1,99,0,,6.2,8
106,동해,2023-02-25 09:00,1.6,1.8,1.8,99,0,,5.8,7
106,동해,2023-02-25 10:00,2.9,,1.6,99,.9,,5.2,7
106,동해,2023-02-25 11:00,2.1,,4,84,.3,,4.8,8
106,동해,2023-02-25 12:00,3,,4.2,79,.6,,3.7,7
106,동해,2023-02-25 13:00,1.6,,3.4,93,.1,,3.8,8
106,동해,2023-02-25 14:00,3.1,,4.6,78,.8,,2.1,7
106,동해,2023-02-25 15:00,3.3,.4,2.9,70,.9,,1.4,8
106,동해,2023-02-25 16:00,2.9,,3.5,72,0,,1.1,9
106,동해,2023-02-25 17:00,2.7,,2.3,75,0,,.9,9
106,동해,2023-02-25 18:00,2.4,,1.9,75,0,,.9,9
106,동해,2023-02-25 19:00,2.2,,1.8,74,0,,.9,8
106,동해,2023-02-25 20:00,1.7,,1.1,79,,,.9,5
106,동해,2023-02-25 21:00,.8,,1.6,82,,,.9,2
106,동해,2023-02-25 22:00,.5,,1.4,81,,,.9,0
106,동해,2023-02-25 23:00,.3,,2.1,86,,,.9,0
106,동해,2023-02-26 00:00,-.3,,1.4,87,,,.9,1
106,동해,2023-02-26 01:00,-.5,,1.3,87,,,.9,0
106,동해,2023-02-26 02:00,-1,,1.5,84,,,.9,0
106,동해,2023-02-26 03:00,-.6,,1.9,75,,,.9,0
106,동해,2023-02-26 04:00,-.6,,2.1,70,,,.9,0
106,동해,2023-02-26 05:00,-1,,1.9,68,,,.9,0
106,동해,2023-02-26 06:00,-.9,,2,66,,,.9,0
106,동해,2023-02-26 07:00,-.9,,1.9,64,,,.9,0
106,동해,2023-02-26 08:00,.8,,1.9,57,.6,,.9,0
106,동해,2023-02-26 09:00,3.3,,1.6,46,1,,.9,0
106,동해,2023-02-26 10:00,5.6,,1.4,43,1,,.9,0
106,동해,2023-02-26 11:00,6.3,,1.6,29,1,,.3,0
106,동해,2023-02-26 12:00,6.6,,1.9,34,1,,,0
106,동해,2023-02-26 13:00,7.6,,1.4,34,1,,,0
106,동해,2023-02-26 14:00,8,,1.3,41,1,,,0
106,동해,2023-02-26 15:00,7.8,,2.7,44,1,,,0
106,동해,2023-02-26 16:00,7.5,,3.3,45,1,,,0
106,동해,2023-02-26 17:00,7.7,,2.6,49,1,,,0
106,동해,2023-02-26 18:00,6.8,,1.4,54,.7,,,0
106,동해,2023-02-26 19:00,6,,.9,54,0,,,0
106,동해,2023-02-26 20:00,3.9,,2,63,,,,0
106,동해,2023-02-26 21:00,2.2,,1.4,71,,,,0
106,동해,2023-02-26 22:00,1.8,,1.5,74,,,,0
106,동해,2023-02-26 23:00,1.7,,2.2,72,,,,0
106,동해,2023-02-27 00:00,2.4,,2.2,62,,,,0
106,동해,2023-02-27 01:00,3.1,,2.3,53,,,,0
106,동해,2023-02-27 02:00,2.7,,2.8,49,,,,0
106,동해,2023-02-27 03:00,2.6,,2.3,50,,,,0
106,동해,2023-02-27 04:00,3.1,,2.6,45,,,,0
106,동해,2023-02-27 05:00,1.9,,2.7,50,,,,0
106,동해,2023-02-27 06:00,2.2,,2.4,53,,,,0
106,동해,2023-02-27 07:00,2.6,,2,49,0,,,0
106,동해,2023-02-27 08:00,4.7,,1.7,43,.7,,,0
106,동해,2023-02-27 09:00,7.9,,1.1,33,1,,,0
106,동해,2023-02-27 10:00,10.3,,.6,25,1,,,0
106,동해,2023-02-27 11:00,10.7,,1.1,40,1,,,0
106,동해,2023-02-27 12:00,10.8,,1.8,55,1,,,0
106,동해,2023-02-27 13:00,11.4,,2.1,59,1,,,0
106,동해,2023-02-27 14:00,11.7,,2,47,1,,,0
106,동해,2023-02-27 15:00,13,,1.4,29,1,,,0
106,동해,2023-02-27 16:00,12.1,,.9,45,1,,,0
106,동해,2023-02-27 17:00,11.5,,.7,63,1,,,0
106,동해,2023-02-27 18:00,14.2,,3.4,12,.8,,,0
106,동해,2023-02-27 19:00,12.9,,1.6,13,0,,,0
106,동해,2023-02-27 20:00,12.2,,.4,13,,,,0
106,동해,2023-02-27 21:00,10.6,,1.5,19,,,,0
106,동해,2023-02-27 22:00,9.9,,1.3,21,,,,0
106,동해,2023-02-27 23:00,8.9,,1.1,22,,,,0
106,동해,2023-02-28 00:00,9.5,,1.3,21,,,,0
106,동해,2023-02-28 01:00,8.2,,1,26,,,,0
106,동해,2023-02-28 02:00,8.3,,1.8,27,,,,0
106,동해,2023-02-28 03:00,9.8,,1.3,18,,,,0
106,동해,2023-02-28 04:00,9.2,,1.3,19,,,,0
106,동해,2023-02-28 05:00,8.9,,1.1,20,,,,0
106,동해,2023-02-28 06:00,9.5,,1.6,26,,,,0
106,동해,2023-02-28 07:00,9.8,,2.8,15,0,,,1
106,동해,2023-02-28 08:00,10.6,,.8,21,.7,,,2
106,동해,2023-02-28 09:00,11.9,,.5,19,1,,,4
106,동해,2023-02-28 10:00,13.2,,.9,14,1,,,4
106,동해,2023-02-28 11:00,14.1,,2.4,20,1,,,7
106,동해,2023-02-28 12:00,13.8,,1,19,.7,,,8
106,동해,2023-02-28 13:00,13.4,,2.5,24,.1,,,9
106,동해,2023-02-28 14:00,13.3,,4,30,.9,,,8
106,동해,2023-02-28 15:00,14.5,,1,31,.3,,,9
106,동해,2023-02-28 16:00,15.8,,1.3,20,1,,,9
106,동해,2023-02-28 17:00,15.6,,2.1,15,1,,,7
106,동해,2023-02-28 18:00,13.6,,2.4,15,.8,,,6
106,동해,2023-02-28 19:00,12.6,,3.2,16,0,,,5
106,동해,2023-02-28 20:00,12.3,,4,22,,,,8
106,동해,2023-02-28 21:00,11.9,,1.4,28,,,,8
106,동해,2023-02-28 22:00,11.9,,3.2,30,,,,7
106,동해,2023-02-28 23:00,11.1,,2.7,37,,,,9
106,동해,2023-03-01 00:00,10.7,,3.4,40,,,,9
106,동해,2023-03-01 01:00,10.3,,2.3,43,,,,10
106,동해,2023-03-01 02:00,10.2,,4.8,45,,,,9
106,동해,2023-03-01 03:00,10,,1.4,44,,,,9
106,동해,2023-03-01 04:00,8.7,,2.1,49,,,,9
106,동해,2023-03-01 05:00,8.4,,1.6,50,,,,7
106,동해,2023-03-01 06:00,8.3,,.6,51,,,,6
106,동해,2023-03-01 07:00,7.8,,.8,54,0,,,10
106,동해,2023-03-01 08:00,8.9,,0,52,0,,,8
106,동해,2023-03-01 09:00,10.3,,.6,52,.2,,,6
106,동해,2023-03-01 10:00,10.5,,1.2,50,.2,,,8
106,동해,2023-03-01 11:00,11.1,,1.3,52,0,,,9
106,동해,2023-03-01 12:00,11.1,,1.5,52,0,,,10
106,동해,2023-03-01 13:00,11.9,,2,52,.2,,,8
106,동해,2023-03-01 14:00,10.1,,2.8,59,.1,,,9
106,동해,2023-03-01 15:00,9.4,,3.6,62,0,,,10
106,동해,2023-03-01 16:00,9.1,,3,62,0,,,10
106,동해,2023-03-01 17:00,10.2,,2.9,44,.1,,,8
106,동해,2023-03-01 18:00,9,,1.8,41,.4,,,6
106,동해,2023-03-01 19:00,8.7,,2.5,43,0,,,6
106,동해,2023-03-01 20:00,8.3,,3.9,36,,,,6
106,동해,2023-03-01 21:00,7.4,,2.2,35,,,,4
106,동해,2023-03-01 22:00,6.9,,4.4,23,,,,0
106,동해,2023-03-01 23:00,6.2,,2.5,26,,,,0
106,동해,2023-03-02 00:00,5.8,,2.9,26,,,,0
106,동해,2023-03-02 01:00,5.3,,3.7,28,,,,3
106,동해,2023-03-02 02:00,4.9,,3.7,29,,,,7
106,동해,2023-03-02 03:00,4.7,,3.5,43,,,,8
106,동해,2023-03-02 04:00,3.3,,8.8,64,,,,8
106,동해,2023-03-02 05:00,3,,2.4,57,,,,8
106,동해,2023-03-02 06:00,2.6,,4.1,51,,,,7
106,동해,2023-03-02 07:00,2.2,,3.1,47,0,,,7
106,동해,2023-03-02 08:00,2.7,,1.4,45,.3,,,7
106,동해,2023-03-02 09:00,4.2,,1.6,36,1,,,6
106,동해,2023-03-02 10:00,4.5,,2.9,30,1,,,4
106,동해,2023-03-02 11:00,4.5,,5,37,1,,,0
106,동해,2023-03-02 12:00,5.1,,4.9,37,1,,,0
106,동해,2023-03-02 13:00,5.2,,4.9,36,1,,,0
106,동해,2023-03-02 14:00,5.4,,4.7,36,1,,,3
106,동해,2023-03-02 15:00,4.9,,4.1,38,1,,,0
106,동해,2023-03-02 16:00,5,,2.7,39,1,,,0
106,동해,2023-03-02 17:00,5,,1.2,42,1,,,0
106,동해,2023-03-02 18:00,4.1,,1.6,45,.6,,,0
106,동해,2023-03-02 19:00,3.8,,1.5,49,0,,,0
106,동해,2023-03-02 20:00,3.4,,1.1,49,,,,0
106,동해,2023-03-02 21:00,1.6,,1.7,57,,,,0
106,동해,2023-03-02 22:00,1.5,,1.6,58,,,,0
106,동해,2023-03-02 23:00,1.6,,.7,52,,,,0
106,동해,2023-03-03 00:00,3.4,,1.6,32,,,,0
106,동해,2023-03-03 01:00,5.1,,3.2,24,,,,0
106,동해,2023-03-03 02:00,5.7,,3.3,23,,,,0
106,동해,2023-03-03 03:00,5.7,,3.8,23,,,,0
106,동해,2023-03-03 04:00,3.9,,1.6,29,,,,0
106,동해,2023-03-03 05:00,3.7,,1.4,31,,,,0
106,동해,2023-03-03 06:00,4.8,,2.3,25,,,,0
106,동해,2023-03-03 07:00,4.1,,1.6,28,0,,,0
106,동해,2023-03-03 08:00,5.4,,.8,29,.6,,,0
106,동해,2023-03-03 09:00,8.4,,1.8,24,1,,,0
106,동해,2023-03-03 10:00,10.8,,1,25,1,,,0
106,동해,2023-03-03 11:00,12.2,,2.4,20,1,,,0
106,동해,2023-03-03 12:00,12.9,,4.1,19,1,,,0
106,동해,2023-03-03 13:00,14.5,,2.5,16,1,,,1
106,동해,2023-03-03 14:00,12.6,,3.2,40,1,,,2
106,동해,2023-03-03 15:00,14.5,,1.1,23,1,,,1
106,동해,2023-03-03 16:00,12.8,,1.3,45,1,,,0
106,동해,2023-03-03 17:00,11.4,,1.6,54,1,,,0
106,동해,2023-03-03 18:00,10.4,,.7,57,.6,,,0
106,동해,2023-03-03 19:00,11.9,,3.7,29,0,,,0
106,동해,2023-03-03 20:00,11.2,,1.8,31,,,,0
106,동해,2023-03-03 21:00,11.5,,3.4,32,,,,0
106,동해,2023-03-03 22:00,10.7,,2.4,35,,,,0
106,동해,2023-03-03 23:00,10.3,,.4,36,,,,0
106,동해,2023-03-04 00:00,8.9,,1.4,41,,,,0
106,동해,2023-03-04 01:00,7.9,,2,45,,,,0
106,동해,2023-03-04 02:00,6.7,,1.7,48,,,,0
106,동해,2023-03-04 03:00,5.8,,1.9,52,,,,2
106,동해,2023-03-04 04:00,6.8,,1.8,50,,,,0
106,동해,2023-03-04 05:00,6,,1.8,52,,,,0
106,동해,2023-03-04 06:00,5.3,,2,55,,,,6
106,동해,2023-03-04 07:00,5,,1.7,57,0,,,5
106,동해,2023-03-04 08:00,5.9,,1.1,58,.6,,,5
106,동해,2023-03-04 09:00,9.2,,1.1,46,1,,,3
106,동해,2023-03-04 10:00,11.1,,1.2,38,1,,,2
106,동해,2023-03-04 11:00,11.1,,2.2,47,1,,,5
106,동해,2023-03-04 12:00,10.9,,3.4,48,1,,,5
106,동해,2023-03-04 13:00,10.9,,3.3,55,1,,,6
106,동해,2023-03-04 14:00,9.7,,3.1,66,1,,,6
106,동해,2023-03-04 15:00,10.2,,4,57,1,,,6
106,동해,2023-03-04 16:00,10.1,,2.3,61,1,,,5
106,동해,2023-03-04 17:00,9.6,,1.7,66,1,,,5
106,동해,2023-03-04 18:00,8.7,,.8,73,.3,,,6
106,동해,2023-03-04 19:00,8.3,,0,75,0,,,5
106,동해,2023-03-04 20:00,8.4,,.9,73,,,,5
106,동해,2023-03-04 21:00,6.4,,1.1,81,,,,1
106,동해,2023-03-04 22:00,5.9,,2,82,,,,0
106,동해,2023-03-04 23:00,4.2,,1.2,85,,,,0
106,동해,2023-03-05 00:00,4,,1.9,83,,,,1
106,동해,2023-03-05 01:00,4.4,,1.4,77,,,,0
106,동해,2023-03-05 02:00,3.8,,1.6,79,,,,0
106,동해,2023-03-05 03:00,3.4,,1.5,80,,,,0
106,동해,2023-03-05 04:00,2.6,,1.7,81,,,,0
106,동해,2023-03-05 05:00,2.5,,2.1,82,,,,0
106,동해,2023-03-05 06:00,2.4,,1.7,84,,,,0
106,동해,2023-03-05 07:00,2,,1.8,88,0,,,0
106,동해,2023-03-05 08:00,3.8,,1.4,82,.6,,,1
106,동해,2023-03-05 09:00,7.7,,.9,67,1,,,0
106,동해,2023-03-05 10:00,10.4,,1.7,57,1,,,1
106,동해,2023-03-05 11:00,10.5,,2.6,65,1,,,2
106,동해,2023-03-05 12:00,11.6,,2.3,64,1,,,2
106,동해,2023-03-05 13:00,12.6,,4.6,61,1,,,0
106,동해,2023-03-05 14:00,12.4,,5.6,62,1,,,0
106,동해,2023-03-05 15:00,12.7,,4.5,60,1,,,0
106,동해,2023-03-05 16:00,12.5,,3.1,63,1,,,0
106,동해,2023-03-05 17:00,12,,2.6,67,1,,,0
106,동해,2023-03-05 18:00,11,,.5,73,.6,,,0
106,동해,2023-03-05 19:00,9.9,,1.1,78,0,,,0
106,동해,2023-03-05 20:00,9.1,,.8,81,,,,0
106,동해,2023-03-05 21:00,8.1,,1.6,74,,,,0
106,동해,2023-03-05 22:00,7.3,,1.5,74,,,,0
106,동해,2023-03-05 23:00,7.5,,.9,67,,,,0
106,동해,2023-03-06 00:00,8.7,,1.3,53,,,,0
106,동해,2023-03-06 01:00,9.7,,1.5,48,,,,0
106,동해,2023-03-06 02:00,8,,1.2,48,,,,0
106,동해,2023-03-06 03:00,8.8,,.9,42,,,,0
106,동해,2023-03-06 04:00,9.3,,.5,39,,,,0
106,동해,2023-03-06 05:00,8.1,,.5,38,,,,2
106,동해,2023-03-06 06:00,8.7,,.2,38,,,,0
106,동해,2023-03-06 07:00,8.9,,.9,32,0,,,0
106,동해,2023-03-06 08:00,10.1,,.3,30,.6,,,0
106,동해,2023-03-06 09:00,12,,.6,31,1,,,0
106,동해,2023-03-06 10:00,15.2,,.8,22,1,,,0
106,동해,2023-03-06 11:00,17.2,,1.4,16,1,,,0
106,동해,2023-03-06 12:00,17.5,,3.6,13,1,,,0
106,동해,2023-03-06 13:00,18.9,,2.5,12,1,,,0
106,동해,2023-03-06 14:00,16.3,,2,30,1,,,0
106,동해,2023-03-06 15:00,15.9,,2.5,37,1,,,0
106,동해,2023-03-06 16:00,16.3,,1.3,28,1,,,0
106,동해,2023-03-06 17:00,15.1,,.8,45,1,,,0
106,동해,2023-03-06 18:00,13.2,,1.6,53,.6,,,0
106,동해,2023-03-06 19:00,13.4,,.8,54,0,,,0
106,동해,2023-03-06 20:00,14.3,,1.5,18,,,,0
106,동해,2023-03-06 21:00,15,,2.2,17,,,,0
106,동해,2023-03-06 22:00,14.4,,2.3,17,,,,5
106,동해,2023-03-06 23:00,14.4,,2,18,,,,6
106,동해,2023-03-07 00:00,15,,3.5,16,,,,8
106,동해,2023-03-07 01:00,14.5,,1.5,16,,,,8
106,동해,2023-03-07 02:00,13,,.8,25,,,,8
106,동해,2023-03-07 03:00,13.1,,1.8,21,,,,6
106,동해,2023-03-07 04:00,12.1,,1.1,36,,,,7
106,동해,2023-03-07 05:00,11.9,,1,28,,,,7
106,동해,2023-03-07 06:00,12,,.9,28,,,,4
106,동해,2023-03-07 07:00,9.8,,1.1,33,0,,,4
106,동해,2023-03-07 08:00,11.6,,.9,37,.2,,,0
106,동해,2023-03-07 09:00,13.7,,2,37,1,,,0
106,동해,2023-03-07 10:00,14.8,,.8,32,1,,,0
106,동해,2023-03-07 11:00,15.1,,1.1,49,1,,,0
106,동해,2023-03-07 12:00,16.7,,1.8,26,1,,,0
106,동해,2023-03-07 13:00,14.9,,1.6,50,1,,,2
106,동해,2023-03-07 14:00,16.5,,.9,52,1,,,0
106,동해,2023-03-07 15:00,16.2,,1.1,57,1,,,0
106,동해,2023-03-07 16:00,16.7,,1.1,54,1,,,0
106,동해,2023-03-07 17:00,20.7,,2.1,28,1,,,0
106,동해,2023-03-07 18:00,19.3,,2.5,32,.6,,,1
106,동해,2023-03-07 19:00,18.4,,1.3,34,0,,,0
106,동해,2023-03-07 20:00,18.2,,2,34,,,,0
106,동해,2023-03-07 21:00,17.1,,.6,37,,,,0
106,동해,2023-03-07 22:00,17.9,,2.5,32,,,,0
106,동해,2023-03-07 23:00,17.7,,2.4,31,,,,0
106,동해,2023-03-08 00:00,17.5,,2.8,32,,,,0
106,동해,2023-03-08 01:00,16.6,,1.6,32,,,,0
106,동해,2023-03-08 02:00,16.8,,1.8,32,,,,0
106,동해,2023-03-08 03:00,15.5,,2.1,35,,,,0
106,동해,2023-03-08 04:00,15.7,,4.2,32,,,,0
106,동해,2023-03-08 05:00,15.2,,1.9,31,,,,0
106,동해,2023-03-08 06:00,15.2,,2.1,28,,,,0
106,동해,2023-03-08 07:00,16.4,,4.3,22,0,,,0
106,동해,2023-03-08 08:00,17.8,,6.5,17,.6,,,2
106,동해,2023-03-08 09:00,18.2,,6.7,19,1,,,6
106,동해,2023-03-08 10:00,19.6,,7.1,16,1,,,1
106,동해,2023-03-08 11:00,20.1,,7.7,15,1,,,4
106,동해,2023-03-08 12:00,19.6,,4.9,17,.8,,,7
106,동해,2023-03-08 13:00,19.9,,2.3,21,0,,,10
106,동해,2023-03-08 14:00,20.3,,2.7,23,0,,,10
106,동해,2023-03-08 15:00,21.2,,3.5,22,0,,,10
106,동해,2023-03-08 16:00,21.4,,3.1,23,.9,,,8
106,동해,2023-03-08 17:00,20.1,,3,21,.4,,,10
106,동해,2023-03-08 18:00,17.4,,1.1,34,0,,,10
106,동해,2023-03-08 19:00,15.1,,.6,55,0,,,10
106,동해,2023-03-08 20:00,17.1,,1.6,32,,,,7
106,동해,2023-03-08 21:00,17.9,,1.2,27,,,,7
106,동해,2023-03-08 22:00,14.6,,.6,53,,,,7
106,동해,2023-03-08 23:00,15.2,,1.4,44,,,,9
106,동해,2023-03-09 00:00,14.9,,1.2,42,,,,5
106,동해,2023-03-09 01:00,11.8,,1.1,49,,,,6
106,동해,2023-03-09 02:00,11.3,,1.5,75,,,,6
106,동해,2023-03-09 03:00,11.1,,2.7,80,,,,10
106,동해,2023-03-09 04:00,9.9,,2,88,,,,10
106,동해,2023-03-09 05:00,9.9,,1.3,89,,,,10
106,동해,2023-03-09 06:00,9,0,2.4,93,,,,7
106,동해,2023-03-09 07:00,8.3,,.5,97,0,,,7
106,동해,2023-03-09 08:00,8.7,,.8,98,0,,,6
106,동해,2023-03-09 09:00,9.9,,.9,91,0,,,8
106,동해,2023-03-09 10:00,10.1,,3.6,87,0,,,7
106,동해,2023-03-09 11:00,10.8,,3.9,78,.6,,,7
106,동해,2023-03-09 12:00,10.4,,5.6,79,.9,,,6
106,동해,2023-03-09 13:00,10.6,,4.6,77,1,,,6
106,동해,2023-03-09 14:00,10.4,,3.5,79,1,,,0
106,동해,2023-03-09 15:00,10.5,,3,80,1,,,1
106,동해,2023-03-09 16:00,10.2,,3.9,81,1,,,6
106,동해,2023-03-09 17:00,9.8,,1.6,83,.3,,,7
106,동해,2023-03-09 18:00,9.8,,1.8,85,0,,,8
106,동해,2023-03-09 19:00,9,,.2,89,0,,,6
106,동해,2023-03-09 20:00,8.9,,1.7,92,,,,0
106,동해,2023-03-09 21:00,8.4,,.7,89,,,,0
106,동해,2023-03-09 22:00,8.3,,.7,93,,,,0
106,동해,2023-03-09 23:00,8.1,,.6,96,,,,0
106,동해,2023-03-10 00:00,8.3,,.6,97,,,,6
106,동해,2023-03-10 01:00,9,,0,96,,,,7
106,동해,2023-03-10 02:00,8.8,,.7,94,,,,6
106,동해,2023-03-10 03:00,8.6,,.9,93,,,,7
106,동해,2023-03-10 04:00,8.4,,.8,93,,,,10
106,동해,2023-03-10 05:00,8.6,,.1,93,,,,9
106,동해,2023-03-10 06:00,8.3,,.9,92,,,,8
106,동해,2023-03-10 07:00,8.3,,1.2,92,0,,,8
106,동해,2023-03-10 08:00,8.5,,.8,89,0,,,7
106,동해,2023-03-10 09:00,10.2,,1.2,79,.2,,,6
106,동해,2023-03-10 10:00,12.7,,1.2,68,.9,,,0
106,동해,2023-03-10 11:00,12.5,,3.2,70,1,,,6
106,동해,2023-03-10 12:00,13.1,,3.4,70,1,,,0
106,동해,2023-03-10 13:00,13,,5.7,73,1,,,0
106,동해,2023-03-10 14:00,13.4,,6,75,1,,,0
106,동해,2023-03-10 15:00,13.7,,5.5,77,1,,,0
106,동해,2023-03-10 16:00,14.2,,3.2,76,1,,,0
106,동해,2023-03-10 17:00,14.1,,2.6,76,1,,,0
106,동해,2023-03-10 18:00,13.3,,.1,80,.4,,,0
106,동해,2023-03-10 19:00,12.3,,.4,87,0,,,0
106,동해,2023-03-10 20:00,11.9,,.7,87,,,,0
106,동해,2023-03-10 21:00,11.7,,.7,88,,,,0
106,동해,2023-03-10 22:00,10.6,,.7,91,,,,0
106,동해,2023-03-10 23:00,11.6,,4.2,90,,,,2
106,동해,2023-03-11 00:00,10.4,,1.6,99,,,,7
106,동해,2023-03-11 01:00,9.5,,.5,99,,,,8
106,동해,2023-03-11 02:00,9.9,,.6,99,,,,9
106,동해,2023-03-11 03:00,9.7,,.3,99,,,,8
106,동해,2023-03-11 04:00,9.4,,1.2,99,,,,8
106,동해,2023-03-11 05:00,9.3,,.1,99,,,,9
106,동해,2023-03-11 06:00,9.2,,.6,99,,,,8
106,동해,2023-03-11 07:00,9.2,,1.8,99,0,,,8
106,동해,2023-03-11 08:00,9.1,,1,99,0,,,7
106,동해,2023-03-11 09:00,9.9,,1,99,0,,,8
106,동해,2023-03-11 10:00,11.1,,1.4,99,.1,,,8
106,동해,2023-03-11 11:00,11.2,,1.6,88,1,,,7
106,동해,2023-03-11 12:00,11.3,,2.3,88,.9,,,7
106,동해,2023-03-11 13:00,12.4,,1.3,86,.8,,,7
106,동해,2023-03-11 14:00,11.3,,1.7,86,.7,,,7
106,동해,2023-03-11 15:00,11.6,,3.8,89,0,,,7
106,동해,2023-03-11 16:00,11.2,,5.7,87,0,,,9
106,동해,2023-03-11 17:00,10.6,,4.2,90,0,,,9
106,동해,2023-03-11 18:00,10.2,,3.1,91,0,,,7
106,동해,2023-03-11 19:00,10.2,,3.2,91,0,,,9
106,동해,2023-03-11 20:00,10.1,,2.3,91,,,,10
106,동해,2023-03-11 21:00,9.9,,3.7,90,,,,10
106,동해,2023-03-11 22:00,9.6,,3.3,91,,,,10
106,동해,2023-03-11 23:00,9.3,,3.9,89,,,,10
106,동해,2023-03-12 00:00,9.1,,3.2,87,,,,10
106,동해,2023-03-12 01:00,9,,2.9,86,,,,10
106,동해,2023-03-12 02:00,9,,2.8,86,,,,10
106,동해,2023-03-12 03:00,9.1,,1.9,84,,,,10
106,동해,2023-03-12 04:00,9,,.8,84,,,,10
106,동해,2023-03-12 05:00,8.9,,1.1,83,,,,9
106,동해,2023-03-12 06:00,8.9,,.8,88,,,,9
106,동해,2023-03-12 07:00,8.9,,.4,87,0,,,9
106,동해,2023-03-12 08:00,9.7,,.2,83,0,,,9
106,동해,2023-03-12 09:00,10.7,,.7,79,0,,,7
106,동해,2023-03-12 10:00,11.2,,1.4,80,0,,,8
106,동해,2023-03-12 11:00,11.8,,1.3,80,0,,,9
106,동해,2023-03-12 12:00,12.7,0,1.1,83,.1,,,8
106,동해,2023-03-12 13:00,12.8,,3.3,74,.2,,,10
106,동해,2023-03-12 14:00,9.5,,4.7,94,0,,,10
106,동해,2023-03-12 15:00,10.8,.5,5.6,60,0,,,10
106,동해,2023-03-12 16:00,10.3,,3.5,60,0,,,10
106,동해,2023-03-12 17:00,10,,2.9,58,0,,,10
106,동해,2023-03-12 18:00,9.6,0,2.2,52,0,,,10
106,동해,2023-03-12 19:00,9,,3.3,49,0,,,10
106,동해,2023-03-12 20:00,8.6,,2.4,47,,,,10
106,동해,2023-03-12 21:00,7.9,,3,45,,,,9
106,동해,2023-03-12 22:00,6.1,,5.9,48,,,,9
106,동해,2023-03-12 23:00,4.8,,3.9,39,,,,6
106,동해,2023-03-13 00:00,3.6,0,5.9,35,,,,6
106,동해,2023-03-13 01:00,1.9,,2.7,37,,,,3
106,동해,2023-03-13 02:00,1.6,,3.6,36,,,,0
106,동해,2023-03-13 03:00,1.7,,5.7,30,,,,0
106,동해,2023-03-13 04:00,1.2,,5.3,34,,,,0
106,동해,2023-03-13 05:00,1.1,,4.6,30,,,,0
106,동해,2023-03-13 06:00,.8,,3.7,28,,,,0
106,동해,2023-03-13 07:00,.7,,6.5,27,0,,,0
106,동해,2023-03-13 08:00,1.7,,5.3,23,.8,,,0
106,동해,2023-03-13 09:00,3.3,,3.9,20,1,,,0
106,동해,2023-03-13 10:00,5.2,,2.9,17,1,,,0
106,동해,2023-03-13 11:00,6.8,,2.2,15,1,,,0
106,동해,2023-03-13 12:00,8.2,,3.3,12,1,,,0
106,동해,2023-03-13 13:00,7.7,,2.5,26,1,,,0
106,동해,2023-03-13 14:00,7.6,,3.1,29,1,,,3
106,동해,2023-03-13 15:00,7.2,,2.1,25,1,,,5
106,동해,2023-03-13 16:00,7.9,,1.9,26,1,,,6
106,동해,2023-03-13 17:00,7,,3.7,32,1,,,2
106,동해,2023-03-13 18:00,6.8,,2.8,40,.1,,,10
106,동해,2023-03-13 19:00,6.4,,1.4,37,0,,,9
106,동해,2023-03-13 20:00,5.7,,.6,39,,,,9
106,동해,2023-03-13 21:00,5.7,,.8,40,,,,10
106,동해,2023-03-13 22:00,6.6,,1,35,,,,10
106,동해,2023-03-13 23:00,6.9,,.4,30,,,,10
106,동해,2023-03-14 00:00,6.9,,.9,30,,,,7
106,동해,2023-03-14 01:00,6.6,,.6,29,,,,8
106,동해,2023-03-14 02:00,6.4,,.8,30,,,,8
106,동해,2023-03-14 03:00,7.5,,.6,27,,,,9
106,동해,2023-03-14 04:00,7.3,,.5,25,,,,9
106,동해,2023-03-14 05:00,7.4,,.7,26,,,,8
106,동해,2023-03-14 06:00,7,,.9,31,,,,8
106,동해,2023-03-14 07:00,7.4,,.8,27,0,,,10
106,동해,2023-03-14 08:00,8,,.9,36,0,,,9
106,동해,2023-03-14 09:00,9.7,,.9,29,0,,,10
106,동해,2023-03-14 10:00,10.6,,1.1,31,0,,,10
106,동해,2023-03-14 11:00,10.9,,1.7,37,0,,,10
106,동해,2023-03-14 12:00,11.2,,3,29,0,,,10
106,동해,2023-03-14 13:00,12,,2.7,36,0,,,10
106,동해,2023-03-14 14:00,12.2,,2.6,36,.3,,,9
106,동해,2023-03-14 15:00,12.8,,4.2,41,.8,,,8
106,동해,2023-03-14 16:00,15,,3.1,32,.7,,,8
106,동해,2023-03-14 17:00,15,,1.4,36,1,,,6
106,동해,2023-03-14 18:00,13.4,,1.1,43,.7,,,5
106,동해,2023-03-14 19:00,12.2,,2.3,50,0,,,6
106,동해,2023-03-14 20:00,11,,.5,37,,,,5
106,동해,2023-03-14 21:00,11.4,,1.9,31,,,,6
106,동해,2023-03-14 22:00,12.1,,1.5,27,,,,7
106,동해,2023-03-14 23:00,12.6,,1.1,24,,,,10
106,동해,2023-03-15 00:00,12,,2.1,29,,,,10
106,동해,2023-03-15 01:00,11.4,,.6,32,,,,10
106,동해,2023-03-15 02:00,11.4,,1.2,34,,,,10
106,동해,2023-03-15 03:00,11,,1.1,36,,,,9
106,동해,2023-03-15 04:00,10.7,,1.2,39,,,,10
106,동해,2023-03-15 05:00,13.4,,2.4,24,,,,7
106,동해,2023-03-15 06:00,12.5,,4.2,28,,,,4
106,동해,2023-03-15 07:00,12.3,,3.8,29,0,,,0
106,동해,2023-03-15 08:00,14.5,,2.3,27,.8,,,0
106,동해,2023-03-15 09:00,15.8,,2.1,25,1,,,3
106,동해,2023-03-15 10:00,17,,3.8,21,.9,,,7
106,동해,2023-03-15 11:00,19.6,,3.7,18,1,,,7
106,동해,2023-03-15 12:00,19.5,,3.3,18,1,,,5
106,동해,2023-03-15 13:00,20.7,,1.7,19,1,,,0
106,동해,2023-03-15 14:00,20.9,,1.4,24,1,,,0
106,동해,2023-03-15 15:00,18.3,,1.8,31,.9,,,1
106,동해,2023-03-15 16:00,20.3,,2.8,29,.3,,,7
106,동해,2023-03-15 17:00,20.5,,3.2,29,.8,,,3
106,동해,2023-03-15 18:00,19,,2.5,33,.7,,,4
106,동해,2023-03-15 19:00,18.2,,2.1,36,0,,,1
106,동해,2023-03-15 20:00,17.8,,3.3,39,,,,2
106,동해,2023-03-15 21:00,17.4,,1.9,42,,,,0
106,동해,2023-03-15 22:00,16.9,,2.2,45,,,,5
106,동해,2023-03-15 23:00,16.2,,1.5,49,,,,7
106,동해,2023-03-16 00:00,15.3,,3.3,53,,,,9
106,동해,2023-03-16 01:00,14,,4.3,53,,,,8
106,동해,2023-03-16 02:00,11,,3.4,65,,,,8
106,동해,2023-03-16 03:00,10.5,,1.6,56,,,,7
106,동해,2023-03-16 04:00,10.2,,3.3,41,,,,5
106,동해,2023-03-16 05:00,8.9,,3.6,46,,,,2
106,동해,2023-03-16 06:00,7.6,,2.4,36,,,,4
106,동해,2023-03-16 07:00,6.6,,2.4,31,0,,,7
106,동해,2023-03-16 08:00,6.8,,2.5,22,0,,,8
106,동해,2023-03-16 09:00,8.5,,1.9,18,.9,,,6
106,동해,2023-03-16 10:00,8.7,,2.5,16,1,,,7
106,동해,2023-03-16 11:00,8.4,,4.4,23,1,,,6
106,동해,2023-03-16 12:00,8,,3.7,27,1,,,7
106,동해,2023-03-16 13:00,8.6,,4.4,30,1,,,7
106,동해,2023-03-16 14:00,9.5,,2.5,32,1,,,6
106,동해,2023-03-16 15:00,8.9,,2.4,31,1,,,6
106,동해,2023-03-16 16:00,8.9,,1.9,33,1,,,4
106,동해,2023-03-16 17:00,8.8,,.7,33,1,,,6
106,동해,2023-03-16 18:00,8,,1.1,39,.7,,,6
106,동해,2023-03-16 19:00,7.4,,1.5,46,0,,,6
106,동해,2023-03-16 20:00,7,,.8,47,,,,7
106,동해,2023-03-16 21:00,6,,1.2,49,,,,5
106,동해,2023-03-16 22:00,5.8,,1.4,53,,,,5
106,동해,2023-03-16 23:00,4.3,,1.1,59,,,,7
106,동해,2023-03-17 00:00,4.2,,1.7,60,,,,7
106,동해,2023-03-17 01:00,4.4,,1.5,61,,,,5
106,동해,2023-03-17 02:00,3.9,,1.7,61,,,,7
106,동해,2023-03-17 03:00,3.7,,1.7,50,,,,7
106,동해,2023-03-17 04:00,2.8,,1.7,46,,,,3
106,동해,2023-03-17 05:00,3.2,,2.5,41,,,,5
106,동해,2023-03-17 06:00,2.3,,1.7,46,,,,5
106,동해,2023-03-17 07:00,2.2,,1.6,49,0,,,6
106,동해,2023-03-17 08:00,5.1,,1.4,44,.4,,,6
106,동해,2023-03-17 09:00,8.1,,1.3,35,1,,,6
106,동해,2023-03-17 10:00,9,,2.2,42,1,,,7
106,동해,2023-03-17 11:00,9.8,,2.5,42,1,,,7
106,동해,2023-03-17 12:00,10.1,,2.2,45,1,,,7
106,동해,2023-03-17 13:00,10.2,,2.5,46,1,,,7
106,동해,2023-03-17 14:00,10.3,,1.9,44,1,,,8
106,동해,2023-03-17 15:00,9.9,,1.3,47,.3,,,7
106,동해,2023-03-17 16:00,10,,2.1,49,.3,,,9
106,동해,2023-03-17 17:00,9,,1.8,55,.3,,,9
106,동해,2023-03-17 18:00,8.9,,3,59,0,,,10
106,동해,2023-03-17 19:00,8.7,,2.2,63,0,,,10
106,동해,2023-03-17 20:00,8.6,,.9,63,,,,10
106,동해,2023-03-17 21:00,8,,1.1,65,,,,6
106,동해,2023-03-17 22:00,7.8,,1.3,66,,,,6
106,동해,2023-03-17 23:00,7.2,,.9,70,,,,5
106,동해,2023-03-18 00:00,6.5,,1.1,70,,,,6
106,동해,2023-03-18 01:00,6.5,,1.7,71,,,,7
106,동해,2023-03-18 02:00,6,,1.1,74,,,,9
106,동해,2023-03-18 03:00,5.9,,.5,74,,,,8
106,동해,2023-03-18 04:00,6.8,,1.1,70,,,,7
106,동해,2023-03-18 05:00,5.9,,1.3,73,,,,6
106,동해,2023-03-18 06:00,6.3,,.9,70,,,,6
106,동해,2023-03-18 07:00,5,,1.1,75,0,,,4
106,동해,2023-03-18 08:00,7.5,,.9,66,.7,,,3
106,동해,2023-03-18 09:00,11.2,,1.1,50,1,,,5
106,동해,2023-03-18 10:00,11.6,,2.2,60,1,,,3
106,동해,2023-03-18 11:00,11.3,,3.2,58,1,,,3
106,동해,2023-03-18 12:00,12.1,,2.8,55,1,,,3
106,동해,2023-03-18 13:00,12.6,,2.3,53,1,,,3
106,동해,2023-03-18 14:00,11.8,,2.6,51,1,,,5
106,동해,2023-03-18 15:00,12.4,,1.7,51,1,,,5
106,동해,2023-03-18 16:00,12,,1.4,52,1,,,0
106,동해,2023-03-18 17:00,11.5,,1.1,55,1,,,6
106,동해,2023-03-18 18:00,10.8,,1.5,62,.8,,,2
106,동해,2023-03-18 19:00,10.1,,1.3,62,0,,,0
106,동해,2023-03-18 20:00,9.8,,1,63,,,,0
106,동해,2023-03-18 21:00,7.9,,1,70,,,,0
106,동해,2023-03-18 22:00,6.6,,2,77,,,,2
106,동해,2023-03-18 23:00,6.5,,2.1,78,,,,0
106,동해,2023-03-19 00:00,5.9,,1.5,79,,,,0
106,동해,2023-03-19 01:00,5.9,,1.5,70,,,,0
106,동해,2023-03-19 02:00,6.6,,1.2,56,,,,2
106,동해,2023-03-19 03:00,6.3,,1.8,55,,,,0
106,동해,2023-03-19 04:00,6.9,,1.8,49,,,,0
106,동해,2023-03-19 05:00,6.9,,1.7,49,,,,0
106,동해,2023-03-19 06:00,7,,1.8,47,,,,0
106,동해,2023-03-19 07:00,7.4,,2.3,47,0,,,0
106,동해,2023-03-19 08:00,10,,1.5,43,.8,,,0
106,동해,2023-03-19 09:00,12.7,,1.7,34,1,,,0
106,동해,2023-03-19 10:00,14.6,,1.7,20,1,,,0
106,동해,2023-03-19 11:00,15.7,,1.5,24,1,,,0
106,동해,2023-03-19 12:00,15,,2.1,26,1,,,1
106,동해,2023-03-19 13:00,15.2,,2.6,26,1,,,1
106,동해,2023-03-19 14:00,14.8,,2.9,33,1,,,0
106,동해,2023-03-19 15:00,14.1,,3.5,45,1,,,0
106,동해,2023-03-19 16:00,13.6,,3.3,52,1,,,0
106,동해,2023-03-19 17:00,13.1,,3.6,56,1,,,3
106,동해,2023-03-19 18:00,12.5,,2.6,63,.9,,,2
106,동해,2023-03-19 19:00,10.6,,1.4,69,0,,,0
106,동해,2023-03-19 20:00,10.6,,1.3,62,,,,0
106,동해,2023-03-19 21:00,9,,1.8,65,,,,0
106,동해,2023-03-19 22:00,8.5,,1.1,62,,,,0
106,동해,2023-03-19 23:00,9.1,,2.1,51,,,,0
106,동해,2023-03-20 00:00,8,,2.6,47,,,,0
106,동해,2023-03-20 01:00,8.3,,1.7,40,,,,0
106,동해,2023-03-20 02:00,8.5,,2.3,40,,,,0
106,동해,2023-03-20 03:00,7.1,,1.8,42,,,,0
106,동해,2023-03-20 04:00,8.9,,1.8,38,,,,5
106,동해,2023-03-20 05:00,8.6,,1,35,,,,6
106,동해,2023-03-20 06:00,9.5,,1.1,34,,,,5
106,동해,2023-03-20 07:00,8.9,,1.2,32,0,,,5
106,동해,2023-03-20 08:00,9.9,,1.1,40,.8,,,5
106,동해,2023-03-20 09:00,13.8,,.9,28,1,,,7
106,동해,2023-03-20 10:00,15,,1.5,40,1,,,6
106,동해,2023-03-20 11:00,14.5,,1.8,46,1,,,6
106,동해,2023-03-20 12:00,15.7,,1.5,44,1,,,5
106,동해,2023-03-20 13:00,15.8,,1.8,51,.7,,,7
106,동해,2023-03-20 14:00,14.7,,1.8,57,1,,,7
106,동해,2023-03-20 15:00,15.3,,3.5,49,1,,,6
106,동해,2023-03-20 16:00,14.8,,3.5,58,1,,,6
106,동해,2023-03-20 17:00,15.5,,2.4,52,1,,,1
106,동해,2023-03-20 18:00,14.6,,.9,58,.9,,,0
106,동해,2023-03-20 19:00,12.7,,1.5,71,0,,,0
106,동해,2023-03-20 20:00,13.2,,1,62,,,,0
106,동해,2023-03-20 21:00,12.1,,.8,52,,,,3
106,동해,2023-03-20 22:00,12.5,,1.9,26,,,,3
106,동해,2023-03-20 23:00,10.5,,1.8,36,,,,6
106,동해,2023-03-21 00:00,11.1,,1.5,34,,,,6
106,동해,2023-03-21 01:00,12.4,,1.2,29,,,,6
106,동해,2023-03-21 02:00,12.9,,1.5,27,,,,6
106,동해,2023-03-21 03:00,13.4,,1,28,,,,10
106,동해,2023-03-21 04:00,12.6,,.6,30,,,,9
106,동해,2023-03-21 05:00,12.9,,0,28,,,,7
106,동해,2023-03-21 06:00,12.7,,.8,29,,,,5
106,동해,2023-03-21 07:00,10.8,,1.8,39,0,,,0
106,동해,2023-03-21 08:00,12.6,,.3,38,.8,,,0
106,동해,2023-03-21 09:00,16.4,,1.1,25,1,,,0
106,동해,2023-03-21 10:00,15.6,,2.2,36,1,,,0
106,동해,2023-03-21 11:00,16.8,,1.8,42,1,,,0
106,동해,2023-03-21 12:00,16.2,,2.8,40,1,,,0
106,동해,2023-03-21 13:00,16.3,,3.5,52,1,,,0
106,동해,2023-03-21 14:00,16.2,,3.1,55,1,,,0
106,동해,2023-03-21 15:00,16.3,,2.8,49,1,,,0
106,동해,2023-03-21 16:00,15.3,,3.2,62,1,,,0
106,동해,2023-03-21 17:00,14.6,,3.2,60,1,,,0
106,동해,2023-03-21 18:00,13.9,,3,67,.9,,,0
106,동해,2023-03-21 19:00,12.5,,1.1,72,0,,,0
106,동해,2023-03-21 20:00,12.3,,1,69,,,,0
106,동해,2023-03-21 21:00,11.8,,1.7,64,,,,0
106,동해,2023-03-21 22:00,10.4,,.9,63,,,,0
106,동해,2023-03-21 23:00,9.9,,1.4,62,,,,0
106,동해,2023-03-22 00:00,9.9,,1.4,62,,,,0
106,동해,2023-03-22 01:00,9.1,,1.5,64,,,,0
106,동해,2023-03-22 02:00,8.7,,.9,63,,,,0
106,동해,2023-03-22 03:00,7.7,,.8,67,,,,0
106,동해,2023-03-22 04:00,9,,2.1,57,,,,1
106,동해,2023-03-22 05:00,7.6,,1.4,61,,,,0
106,동해,2023-03-22 06:00,7.2,,1.3,62,,,,0
106,동해,2023-03-22 07:00,7.4,,1.6,61,0,,,0
106,동해,2023-03-22 08:00,11.1,,1.3,51,.9,,,0
106,동해,2023-03-22 09:00,14.4,,1,48,1,,,0
106,동해,2023-03-22 10:00,14.5,,1.6,39,1,,,0
106,동해,2023-03-22 11:00,16.8,,1.2,66,1,,,0
106,동해,2023-03-22 12:00,17.4,,2.7,70,1,,,1
106,동해,2023-03-22 13:00,17.5,,2.9,69,1,,,4
106,동해,2023-03-22 14:00,16.9,,3.4,74,1,,,6
106,동해,2023-03-22 15:00,16.2,,4.2,76,1,,,4
106,동해,2023-03-22 16:00,16.8,,2.6,74,1,,,6
106,동해,2023-03-22 17:00,16.2,,2.8,75,1,,,7
106,동해,2023-03-22 18:00,15.5,,2,81,.3,,,7
106,동해,2023-03-22 19:00,15.4,,2,82,0,,,6
106,동해,2023-03-22 20:00,14.2,,3.3,88,,,,7
106,동해,2023-03-22 21:00,13.4,,2.7,95,,,,8
106,동해,2023-03-22 22:00,13.4,,1.2,98,,,,9
106,동해,2023-03-22 23:00,14.2,,1.5,92,,,,9
106,동해,2023-03-23 00:00,13.5,0,1,97,,,,10
106,동해,2023-03-23 01:00,13.2,,.5,98,,,,9
106,동해,2023-03-23 02:00,13.2,,.6,99,,,,10
106,동해,2023-03-23 03:00,12.7,0,.7,99,,,,10
106,동해,2023-03-23 04:00,12.5,,0,99,,,,10
106,동해,2023-03-23 05:00,12.9,,.4,99,,,,10
106,동해,2023-03-23 06:00,12.6,1,1.2,99,,,,10
106,동해,2023-03-23 07:00,12.3,,0,95,0,,,10
106,동해,2023-03-23 08:00,11.9,,.9,99,0,,,10
106,동해,2023-03-23 09:00,12.3,2.7,1,99,0,,,10
106,동해,2023-03-23 10:00,12.5,,1.3,99,0,,,10
106,동해,2023-03-23 11:00,12.7,,.7,98,0,,,10
106,동해,2023-03-23 12:00,12.3,4.7,2.8,99,0,,,10
106,동해,2023-03-23 13:00,12.2,,3.2,97,0,,,10
106,동해,2023-03-23 14:00,12.7,,2,89,0,,,10
106,동해,2023-03-23 15:00,11.9,.5,3.9,92,0,,,10
106,동해,2023-03-23 16:00,12.1,,4.1,85,0,,,10
106,동해,2023-03-23 17:00,11.5,,3.9,89,0,,,10
106,동해,2023-03-23 18:00,11,,3.5,85,0,,,7
106,동해,2023-03-23 19:00,11,,1.7,82,0,,,10
106,동해,2023-03-23 20:00,10.6,,2.1,84,,,,7
106,동해,2023-03-23 21:00,9.1,,1.4,92,,,,1
106,동해,2023-03-23 22:00,9,,1.3,95,,,,0
106,동해,2023-03-23 23:00,8.6,,.1,98,,,,6
106,동해,2023-03-24 00:00,8.2,,.5,99,,,,1
106,동해,2023-03-24 01:00,8.2,,1.3,99,,,,0
106,동해,2023-03-24 02:00,7.9,,.8,99,,,,0
106,동해,2023-03-24 03:00,9.2,,1.6,99,,,,3
106,동해,2023-03-24 04:00,8.6,,1,90,,,,6
106,동해,2023-03-24 05:00,8.5,,.8,90,,,,10
106,동해,2023-03-24 06:00,10.4,,2.5,90,,,,10
106,동해,2023-03-24 07:00,10.6,,3.2,60,0,,,2
106,동해,2023-03-24 08:00,10.2,,2,63,0,,,9
106,동해,2023-03-24 09:00,10.3,,2.1,62,0,,,9
106,동해,2023-03-24 10:00,10.5,,1,62,0,,,10
106,동해,2023-03-24 11:00,10.5,,1.4,62,0,,,10
106,동해,2023-03-24 12:00,9.9,,1.9,63,0,,,10
106,동해,2023-03-24 13:00,9.7,,1.3,61,0,,,10
106,동해,2023-03-24 14:00,9.4,,1.4,64,0,,,9
106,동해,2023-03-24 15:00,9.1,,1.2,67,0,,,9
106,동해,2023-03-24 16:00,8.6,,1.5,69,0,,,9
106,동해,2023-03-24 17:00,8.3,,1.6,70,0,,,9
106,동해,2023-03-24 18:00,8,,1.1,72,0,,,10
106,동해,2023-03-24 19:00,8,,.7,74,0,,,10
106,동해,2023-03-24 20:00,7.7,,1.9,79,,,,10
106,동해,2023-03-24 21:00,7.3,0,1.1,86,,,,10
106,동해,2023-03-24 22:00,7.4,,.6,84,,,,10
106,동해,2023-03-24 23:00,7.5,,.7,84,,,,10
106,동해,2023-03-25 00:00,7.5,,1.2,86,,,,10
106,동해,2023-03-25 01:00,7.7,,.3,84,,,,9
106,동해,2023-03-25 02:00,7.8,,.9,83,,,,9
106,동해,2023-03-25 03:00,8,,.8,78,,,,9
106,동해,2023-03-25 04:00,8,,1,78,,,,9
106,동해,2023-03-25 05:00,8.4,,.7,76,,,,8
106,동해,2023-03-25 06:00,7.7,,.6,83,,,,6
106,동해,2023-03-25 07:00,7.7,,.3,85,0,,,9
106,동해,2023-03-25 08:00,7.9,,.1,84,0,,,8
106,동해,2023-03-25 09:00,8.4,,.5,78,0,,,10
106,동해,2023-03-25 10:00,8.9,,.7,75,0,,,10
106,동해,2023-03-25 11:00,9.1,,.8,77,0,,,10
106,동해,2023-03-25 12:00,9.1,,1.1,75,0,,,10
106,동해,2023-03-25 13:00,9.2,,2.1,73,0,,,10
106,동해,2023-03-25 14:00,9.1,,3,71,0,,,9
106,동해,2023-03-25 15:00,9.2,,1.6,70,0,,,9
106,동해,2023-03-25 16:00,9.5,,2.5,70,0,,,9
106,동해,2023-03-25 17:00,9.4,,2.9,70,0,,,10
106,동해,2023-03-25 18:00,9.4,,2.3,71,0,,,7
106,동해,2023-03-25 19:00,9.2,,2.1,73,0,,,6
106,동해,2023-03-25 20:00,9,,.7,75,,,,6
106,동해,2023-03-25 21:00,9,,.6,76,,,,7
106,동해,2023-03-25 22:00,8.8,,.4,79,,,,6
106,동해,2023-03-25 23:00,8.3,,.2,81,,,,7
106,동해,2023-03-26 00:00,7.9,,1.3,84,,,,7
106,동해,2023-03-26 01:00,7.9,,.3,85,,,,8
106,동해,2023-03-26 02:00,7.9,,.6,85,,,,9
106,동해,2023-03-26 03:00,8,,.5,86,,,,9
106,동해,2023-03-26 04:00,8,,.3,87,,,,7
106,동해,2023-03-26 05:00,7.9,,.7,89,,,,7
106,동해,2023-03-26 06:00,7.6,,.5,89,,,,7
106,동해,2023-03-26 07:00,8.6,,1.6,82,0,,,6
106,동해,2023-03-26 08:00,8.7,,1.9,83,0,,,9
106,동해,2023-03-26 09:00,8.7,,3.7,83,0,,,9
106,동해,2023-03-26 10:00,9,,4.7,79,0,,,10
106,동해,2023-03-26 11:00,9.4,,4.1,72,0,,,10
106,동해,2023-03-26 12:00,9.4,,4.5,71,0,,,9
106,동해,2023-03-26 13:00,9.3,,4,69,0,,,8
106,동해,2023-03-26 14:00,9.2,,4.3,65,0,,,8
106,동해,2023-03-26 15:00,9.2,,4.5,67,0,,,8
106,동해,2023-03-26 16:00,9.3,,4.1,69,0,,,8
106,동해,2023-03-26 17:00,8.7,,2.9,69,0,,,8
106,동해,2023-03-26 18:00,8.4,,2.5,67,0,,,9
106,동해,2023-03-26 19:00,8.3,,.5,69,0,,,8
106,동해,2023-03-26 20:00,8.1,,.8,70,,,,7
106,동해,2023-03-26 21:00,7.2,,1.1,74,,,,5
106,동해,2023-03-26 22:00,6.4,,2,77,,,,0
106,동해,2023-03-26 23:00,5.8,,2.3,82,,,,0
106,동해,2023-03-27 00:00,5.8,,1.9,81,,,,0
106,동해,2023-03-27 01:00,4.7,,1.7,88,,,,0
106,동해,2023-03-27 02:00,4.1,,1.9,92,,,,0
106,동해,2023-03-27 03:00,3.7,,1.4,93,,,,0
106,동해,2023-03-27 04:00,4.1,,2.4,88,,,,0
106,동해,2023-03-27 05:00,3.1,,2,79,,,,3
106,동해,2023-03-27 06:00,2.9,,1.8,74,,,,1
106,동해,2023-03-27 07:00,3.7,,1.6,71,0,,,3
106,동해,2023-03-27 08:00,6.5,,1.4,61,.9,,,2
106,동해,2023-03-27 09:00,8.9,,.9,50,.9,,,6
106,동해,2023-03-27 10:00,9.5,,1.9,54,1,,,4
106,동해,2023-03-27 11:00,10.2,,3,60,1,,,1
106,동해,2023-03-27 12:00,10.5,,4,60,1,,,2
106,동해,2023-03-27 13:00,12.5,,1.9,57,1,,,1
106,동해,2023-03-27 14:00,12,,2,59,1,,,3
106,동해,2023-03-27 15:00,12,,1.8,57,1,,,2
106,동해,2023-03-27 16:00,11.5,,2.2,54,1,,,3
106,동해,2023-03-27 17:00,11.2,,2.3,56,1,,,3
106,동해,2023-03-27 18:00,10.5,,1.8,59,.6,,,0
106,동해,2023-03-27 19:00,10,,1.2,65,0,,,4
106,동해,2023-03-27 20:00,9.3,,1.2,67,,,,0
106,동해,2023-03-27 21:00,7.5,,1.6,77,,,,0
106,동해,2023-03-27 22:00,6.9,,1.5,80,,,,3
106,동해,2023-03-27 23:00,6.2,,1.3,82,,,,0
106,동해,2023-03-28 00:00,5.9,,2.1,84,,,,0
106,동해,2023-03-28 01:00,5.6,,1.6,83,,,,0
106,동해,2023-03-28 02:00,6.1,,2.1,65,,,,0
106,동해,2023-03-28 03:00,4.7,,1.8,66,,,,0
106,동해,2023-03-28 04:00,5.2,,2.1,58,,,,0
106,동해,2023-03-28 05:00,5,,2.4,55,,,,0
106,동해,2023-03-28 06:00,4.9,,2.1,54,,,,0
106,동해,2023-03-28 07:00,5.2,,2,57,0,,,0
106,동해,2023-03-28 08:00,8.3,,1.2,51,1,,,0
106,동해,2023-03-28 09:00,11.5,,1.3,36,1,,,0
106,동해,2023-03-28 10:00,13.6,,1.9,28,1,,,0
106,동해,2023-03-28 11:00,13.5,,2.9,40,1,,,0
106,동해,2023-03-28 12:00,13.9,,3.4,43,1,,,0
106,동해,2023-03-28 13:00,14.1,,4.1,45,1,,,0
106,동해,2023-03-28 14:00,14.5,,3.8,41,1,,,2
106,동해,2023-03-28 15:00,13.9,,3.8,49,1,,,0
106,동해,2023-03-28 16:00,13.8,,3.4,49,1,,,0
106,동해,2023-03-28 17:00,13.3,,4.1,55,1,,,2
106,동해,2023-03-28 18:00,12.9,,2.7,49,.5,,,3
106,동해,2023-03-28 19:00,12.3,,.9,55,0,,,0
106,동해,2023-03-28 20:00,10.5,,1,57,,,,0
106,동해,2023-03-28 21:00,9.1,,1.2,61,,,,0
106,동해,2023-03-28 22:00,9.4,,1.4,56,,,,0
106,동해,2023-03-28 23:00,8.9,,1.7,59,,,,0
106,동해,2023-03-29 00:00,8.1,,2,61,,,,0
106,동해,2023-03-29 01:00,7.8,,1.1,63,,,,0
106,동해,2023-03-29 02:00,7.2,,1.7,65,,,,0
106,동해,2023-03-29 03:00,7.7,,2,62,,,,0
106,동해,2023-03-29 04:00,7.7,,1.8,58,,,,0
106,동해,2023-03-29 05:00,7.5,,1.9,59,,,,0
106,동해,2023-03-29 06:00,7.4,,2.1,59,,,,1
106,동해,2023-03-29 07:00,7.2,,2,61,0,,,0
106,동해,2023-03-29 08:00,10.1,,1.3,54,1,,,0
106,동해,2023-03-29 09:00,13.5,,1.5,42,1,,,1
106,동해,2023-03-29 10:00,15,,1.3,32,1,,,2
106,동해,2023-03-29 11:00,14.2,,2.2,34,1,,,4
106,동해,2023-03-29 12:00,15.8,,1.5,41,1,,,2
106,동해,2023-03-29 13:00,15.6,,1.7,51,1,,,6
106,동해,2023-03-29 14:00,15.4,,2.6,55,1,,,3
106,동해,2023-03-29 15:00,15,,2.7,61,1,,,0
106,동해,2023-03-29 16:00,14.6,,2.7,62,1,,,0
106,동해,2023-03-29 17:00,15,,1.3,57,1,,,0
106,동해,2023-03-29 18:00,13.6,,.6,65,.4,,,2
106,동해,2023-03-29 19:00,12.4,,1.1,73,0,,,0
106,동해,2023-03-29 20:00,12.1,,1.3,66,,,,0
106,동해,2023-03-29 21:00,11.2,,2.6,55,,,,0
106,동해,2023-03-29 22:00,10.4,,1.3,59,,,,0
106,동해,2023-03-29 23:00,10.8,,1.2,54,,,,0
106,동해,2023-03-30 00:00,12.8,,1.3,40,,,,0
106,동해,2023-03-30 01:00,11.4,,.8,43,,,,0
106,동해,2023-03-30 02:00,13,,.7,40,,,,0
106,동해,2023-03-30 03:00,11.6,,1.3,37,,,,0
106,동해,2023-03-30 04:00,13.1,,.4,33,,,,0
106,동해,2023-03-30 05:00,12.1,,.8,32,,,,0
106,동해,2023-03-30 06:00,11.9,,1.5,33,,,,0
106,동해,2023-03-30 07:00,12.6,,.7,31,0,,,1
106,동해,2023-03-30 08:00,16.1,,1,22,1,,,1
106,동해,2023-03-30 09:00,19,,1.1,17,1,,,0
106,동해,2023-03-30 10:00,19.9,,1.8,19,1,,,1
106,동해,2023-03-30 11:00,20.9,,1.6,14,1,,,0
106,동해,2023-03-30 12:00,23.2,,1.7,10,1,,,0
106,동해,2023-03-30 13:00,21.7,,2.3,22,1,,,1
106,동해,2023-03-30 14:00,20.6,,4.7,20,1,,,4
106,동해,2023-03-30 15:00,20.7,,5,19,1,,,5
106,동해,2023-03-30 16:00,21.3,,3.1,18,1,,,4
106,동해,2023-03-30 17:00,19.4,,2.9,29,1,,,5
106,동해,2023-03-30 18:00,17.5,,.3,43,1,,,7
106,동해,2023-03-30 19:00,17.4,,.5,42,0,,,6
106,동해,2023-03-30 20:00,19.6,,3.1,16,,,,5
106,동해,2023-03-30 21:00,18.3,,.7,17,,,,6
106,동해,2023-03-30 22:00,17.2,,1.2,19,,,,7
106,동해,2023-03-30 23:00,17.9,,.4,17,,,,7
106,동해,2023-03-31 00:00,18.1,,1.3,16,,,,6
106,동해,2023-03-31 01:00,17.6,,.5,17,,,,6
106,동해,2023-03-31 02:00,16.5,,1.1,20,,,,4
106,동해,2023-03-31 03:00,17,,.9,19,,,,0
106,동해,2023-03-31 04:00,15.1,,.6,24,,,,0
106,동해,2023-03-31 05:00,14.1,,1.5,27,,,,0
106,동해,2023-03-31 06:00,15.7,,1.9,24,,,,0
106,동해,2023-03-31 07:00,13.9,,2.3,32,0,,,1
106,동해,2023-03-31 08:00,17.5,,1.1,27,1,,,0
106,동해,2023-03-31 09:00,19.4,,2.8,26,1,,,0
106,동해,2023-03-31 10:00,16.9,,4.2,46,1,,,1
106,동해,2023-03-31 11:00,17,,6.3,51,1,,,1
106,동해,2023-03-31 12:00,17.7,,6.7,35,1,,,1
106,동해,2023-03-31 13:00,16.5,,8.2,45,1,,,0
106,동해,2023-03-31 14:00,16.2,,5.8,56,1,,,5
106,동해,2023-03-31 15:00,16.3,,5.8,65,1,,,1
106,동해,2023-03-31 16:00,15.9,,2.9,70,1,,,0
106,동해,2023-03-31 17:00,14.5,,2.1,80,1,,,0
106,동해,2023-03-31 18:00,14.1,,.6,80,.9,,,0
106,동해,2023-03-31 19:00,13.5,,.3,83,0,,,0
106,동해,2023-03-31 20:00,13.1,,.1,89,,,,0
106,동해,2023-03-31 21:00,12,,1,87,,,,0
106,동해,2023-03-31 22:00,11,,1.3,84,,,,0
106,동해,2023-03-31 23:00,10.9,,1.2,82,,,,0
